ID;Data;Tipo;Descrição;Categoria;Classificação;Pagamento;Forma de Pagamento;Parcelas;Pagamento Realizado;Valor;Observações;Mês;Ano
1;01/01/2024;Receita;Salário + mini ganhos conta;Entrada;;;;;OK;800,69;-;Janeiro;2024
2;31/12/2023;Receita;Sobra Dezembro 2023;Entrada;;;;;OK;3959,04;-;Janeiro;2024
3;02/01/2024;Receita;Pix Leo;Entrada;;;;;OK;14;-;Janeiro;2024
4;15/01/2024;Receita;Pix Joyce;Entrada;;;;;OK;1000;-;Janeiro;2024
5;20/01/2024;Receita;PPR;Entrada;;;;;OK;1775,27;-;Janeiro;2024
6;01/01/2024;Despesa;Gympass;Cuidados Pessoais;Essencial;À Vista;Débito Nubank;;OK;49,9;-;Janeiro;2024
7;02/01/2024;Despesa;Dinheiro Réveillon;Bar / Restaurante / Churrasco;Extra;À Vista;Pix;;OK;156,1;-;Janeiro;2024
8;04/01/2024;Despesa;Dente do Pai;Saúde;Essencial;À Vista;Pix;;OK;135;Pix para Edna;Janeiro;2024
9;04/01/2024;Despesa;Cobertor Luiza e Maria;Gastos Extras / Diversos;Não Essencial;Parcelado;Pix;5 de 6;OK;55;Pix para Edna (parcela 05/06);Janeiro;2024
10;04/01/2024;Despesa;Camiseta Palmeiras anjinhos;Gastos Extras / Diversos;Não Essencial;Parcelado;Pix;2 de 3;OK;100;Pix para Edna (parcela 02/03);Janeiro;2024
11;04/01/2024;Despesa;Mensalidade Corregiz;Cuidados Pessoais;Essencial;À Vista;Pix;;OK;90;-;Janeiro;2024
12;29/11/2023;Despesa;Parcela Amazon;Gastos Extras / Diversos;Não Essencial;Parcelado;Crédito Nubank;8 de 9;OK;57,97;Parcela 8/9 - Pago dia 04/12/2024;Janeiro;2024
13;29/11/2023;Despesa;Parcela BAW;Roupas e Calçados;Não Essencial;Parcelado;Crédito Nubank;4 de9;OK;53,04;Parcela 4/9 - Pago dia 04/12/2024;Janeiro;2024
14;29/11/2023;Despesa;Parcela Maratona Sorocaba;Gastos Gerais Corrida;Não Essencial;Parcelado;Crédito Nubank;5 de 5;OK;48,13;Parcela 5/5 - Pago dia 04/12/2024;Janeiro;2024
15;29/11/2023;Despesa;Seguro do Carro;Transporte;Essencial;Parcelado;Crédito Nubank;4 de 6;OK;241,78;Parcela 4/6 - Pago dia 04/12/2024;Janeiro;2024
16;29/11/2023;Despesa;Parcela Amazon;Gastos Extras / Diversos;Não Essencial;Parcelado;Crédito Nubank;3 de 8;OK;53,15;Parcela 3/8 - Pago dia 04/12/2024;Janeiro;2024
17;29/11/2023;Despesa;Parcela Buser RJ;Viagens;Não Essencial;Parcelado;Crédito Nubank;3 de 7;OK;49,13;Parcela 3/7 - Pago dia 04/12/2024;Janeiro;2024
18;29/11/2023;Despesa;Parcela Amazon;Gastos Extras / Diversos;Não Essencial;Parcelado;Crédito Nubank;2 de 6;OK;61,78;Parcela 2/6 - Pago dia 04/12/2024;Janeiro;2024
19;29/11/2023;Despesa;Tenis Adidas Adizero Pro 3;Roupas e Calçados;Não Essencial;Parcelado;Crédito Nubank;9 de 12;OK;111,74;Parcela 9/12 - Pago dia 04/12/2024;Janeiro;2024
20;04/12/2023;Despesa;Fotos Maratona Sorocaba;Gastos Gerais Corrida;Não Essencial;À Vista;Crédito Nubank;;OK;51,78;Pago dia 04/12/2024;Janeiro;2024
21;05/12/2023;Despesa;Estacionamento Aeroporto;Transporte;Extra;À Vista;Crédito Nubank;;OK;34;Pago dia 04/12/2024;Janeiro;2024
22;05/12/2023;Despesa;Amazon Prime;Entretenimento;Essencial;À Vista;Crédito Nubank;;OK;14,9;Pago dia 04/12/2024;Janeiro;2024
23;05/12/2023;Despesa;Combustível para SP ;Transporte;Extra;À Vista;Crédito Nubank;;OK;174,92;Pago dia 04/12/2024;Janeiro;2024
24;06/12/2023;Despesa;Perfume Sauvage;Cuidados Pessoais;Não Essencial;Parcelado;Crédito Nubank;1 de 10;OK;70,5;Parcela 1/10 - Pago dia 04/12/2024;Janeiro;2024
25;08/12/2023;Despesa;Combustível;Transporte;Extra;À Vista;Crédito Nubank;;OK;50;Pago dia 04/12/2024;Janeiro;2024
26;10/12/2023;Despesa;Antitranspirante (Amazon);Cuidados Pessoais;Não Essencial;Parcelado;Crédito Nubank;1 de 2;OK;55,21;Parcela 1/2 - Pago dia 04/12/2024;Janeiro;2024
27;11/12/2023;Despesa;Sorvete com Mateuzinho;Bar / Restaurante / Churrasco;Extra;À Vista;Crédito Nubank;;OK;20;Pago dia 04/12/2024;Janeiro;2024
28;11/12/2023;Despesa;Senhor Boteco pós Confra;Bar / Restaurante / Churrasco;Extra;À Vista;Crédito Nubank;;OK;70,6;Pago dia 04/12/2024;Janeiro;2024
29;11/12/2023;Despesa;Sorvetes picolé domingo;Bar / Restaurante / Churrasco;Extra;À Vista;Crédito Nubank;;OK;55,8;Pago dia 04/12/2024;Janeiro;2024
30;12/12/2023;Despesa;HBO Max;Entretenimento;Essencial;À Vista;Crédito Nubank;;OK;29,66;Pago dia 04/12/2024;Janeiro;2024
31;15/12/2023;Despesa;Cobertor Olívia;Gastos Extras / Diversos;Não Essencial;Parcelado;Crédito Nubank;1 de 6;OK;31,26;Parcela 1/6 - Pago dia 04/12/2024;Janeiro;2024
32;17/12/2023;Despesa;Não tenho noção do que seja;Gastos Extras / Diversos;Extra;À Vista;Crédito Nubank;;OK;18,4;Pago dia 04/12/2024;Janeiro;2024
33;19/12/2023;Despesa;Gelo Isabella;Bar / Restaurante / Churrasco;Extra;À Vista;Crédito Nubank;;OK;19,98;Pago dia 04/12/2024;Janeiro;2024
34;20/12/2023;Despesa;Riomar - Aniversário Carla;Bar / Restaurante / Churrasco;Extra;À Vista;Crédito Nubank;;OK;135,86;Pago dia 04/12/2024;Janeiro;2024
35;23/12/2023;Despesa;Google Storage;Entretenimento;Essencial;À Vista;Crédito Nubank;;OK;6,99;Pago dia 04/12/2024;Janeiro;2024
36;24/12/2023;Despesa;Sem Parar;Transporte;Extra;À Vista;Crédito Nubank;;OK;76,29;Pago dia 04/12/2024;Janeiro;2024
37;25/12/2023;Despesa;Spotify;Entretenimento;Essencial;À Vista;Crédito Nubank;;OK;27,9;Pago dia 04/12/2024;Janeiro;2024
38;07/01/2024;Despesa;Gatorade pós Corrida Domingo;Gastos Gerais Corrida;Extra;À Vista;Débito Nubank;;OK;8;-;Janeiro;2024
39;09/01/2024;Despesa;Pix para Abrapec;Gastos Extras / Diversos;Extra;À Vista;Pix;;OK;15;-;Janeiro;2024
40;02/01/2024;Despesa;Pix para Edna fim de ano;Gastos Extras / Diversos;Extra;À Vista;Pix;;OK;500;-;Janeiro;2024
41;30/12/2023;Despesa;Corte de Cabelo;Cuidados Pessoais;Extra;À Vista;Débito Santander;;OK;60;-;Janeiro;2024
42;30/12/2023;Despesa;Janta Musteak;Bar / Restaurante / Churrasco;Extra;À Vista;Débito Santander;;OK;100;-;Janeiro;2024
43;31/12/2023;Despesa;Senhor Boteco com as Anjos;Bar / Restaurante / Churrasco;Extra;À Vista;Débito Santander;;OK;120,1;-;Janeiro;2024
44;04/01/2024;Despesa;Fies;Contas Fixas;Essencial;À Vista;Boleto;;OK;208,2;-;Janeiro;2024
45;23/12/2023;Despesa;Calça Jeans -  Líria;Roupas e Calçados;Não Essencial;Parcelado;Crédito Santander;1 de 3;OK;73,34;Parcela 1/3 - Pago dia 15/01/2023;Janeiro;2024
46;22/12/2023;Despesa;Cerveja Posto Corregiz;Gastos Gerais Corrida;Extra;À Vista;Crédito Santander;;OK;8,5;Pago dia 15/01/2024;Janeiro;2024
47;02/12/2023;Despesa;Parcela Mercado Livre;Gastos Extras / Diversos;Não Essencial;Parcelado;Crédito Santander;4 de 6;OK;19,91;Parcela 4/6 - Pago dia 15/01/2024;Janeiro;2024
48;22/01/2024;Despesa;Vivo Controle;Contas Fixas;Essencial;À Vista;Débito Santander;;OK;88;-;Janeiro;2024
49;15/01/2024;Despesa;IPVA;Transporte;Essencial;À Vista;Débito Nubank;;OK;1096,6;-;Janeiro;2024
50;18/01/2024;Despesa;Cerveja despedida Tati;Bar / Restaurante / Churrasco;Extra;À Vista;Débito Nubank;;OK;123,75;-;Janeiro;2024
51;19/01/2024;Despesa;PPR Guardado;Poupado / Investimento;Essencial;À Vista;Débito Nubank;;OK;1775,27;Caixinha para Junho 2024;Janeiro;2024
52;19/01/2024;Despesa;Janta na Sexta Feira Ribeirão Preto;Bar / Restaurante / Churrasco;Extra;À Vista;Débito Nubank;;OK;100;-;Janeiro;2024
53;20/01/2024;Despesa;Nova Superm. - Churrasco Sab Feih;Bar / Restaurante / Churrasco;Extra;À Vista;Débito Nubank;;OK;97,32;-;Janeiro;2024
54;20/01/2024;Despesa;Janta sábado pós churrasco;Bar / Restaurante / Churrasco;Extra;À Vista;Pix;;OK;157,89;Pix para Lorena - Jantar c/ pais;Janeiro;2024
55;21/01/2024;Despesa;Posto - Energético domingo ;Gastos Extras / Diversos;Extra;À Vista;Débito Nubank;;OK;24,98;-;Janeiro;2024
56;21/01/2024;Despesa;Almoço Shopping;Bar / Restaurante / Churrasco;Extra;À Vista;Débito Nubank;;OK;28,97;-;Janeiro;2024
57;21/01/2024;Despesa;Almoço Shopping;Bar / Restaurante / Churrasco;Extra;À Vista;Débito Nubank;;OK;33,96;-;Janeiro;2024
58;26/01/2024;Despesa;Dentista (dente quebrado);Saúde;Extra;À Vista;Pix;;OK;120;Pix para Nabila;Janeiro;2024
59;27/01/2024;Despesa;Coxilha dos pampas;Bar / Restaurante / Churrasco;Extra;À Vista;Débito Nubank;;OK;144,43;-;Janeiro;2024
60;28/01/2024;Despesa;Gatorade pós Corrida Domingo;Gastos Gerais Corrida;Extra;À Vista;Pix;;OK;10,49;Pix para Boutique Sanflorian;Janeiro;2024
61;29/01/2024;Despesa;Ingresso Bloco Califórnia;Gastos Extras / Diversos;Extra;À Vista;Pix;;OK;77;Pix para ingresse;Janeiro;2024
62;30/01/2024;Despesa;Trufa Duda;Gastos Extras / Diversos;Extra;À Vista;Pix;;OK;5;Pix pra Duda;Janeiro;2024
63;31/01/2024;Despesa;Sobra de Janeiro;Poupado / Investimento;Essencial;À Vista;Débito Nubank;;OK;337,22;Dinheiro Separado;Janeiro;2024
64;01/02/2024;Receita;Salário + mini ganhos conta;Entrada;;;;;OK;4801,2;-;Fevereiro;2024
65;31/01/2024;Sobra;Sobra Janeiro 2024;Entrada;;;;;OK;8,3;-;Fevereiro;2024
66;01/02/2024;Receita;Pix Leo;Entrada;;;;;OK;14;-;Fevereiro;2024
67;31/12/2023;Despesa;Parcela Amazon;Gastos Extras / Diversos;Não Essencial;Parcelado;Crédito Nubank;9 de 9;OK;57,97;Parcela 9/9 - Pago dia 02/02/2024;Fevereiro;2024
68;31/12/2023;Despesa;Parcela BAW;Roupas e Calçados;Não Essencial;Parcelado;Crédito Nubank;5 de 9;OK;53,04;Parcela 5/9 - Pago dia 02/02/2024;Fevereiro;2024
69;31/12/2023;Despesa;Seguro do Carro;Transporte;Essencial;Parcelado;Crédito Nubank;5 de 6;OK;241,78;Parcela 5/6 - Pago dia 02/02/2024;Fevereiro;2024
70;31/12/2023;Despesa;Parcela Amazon;Gastos Extras / Diversos;Não Essencial;Parcelado;Crédito Nubank;4 de 8;OK;53,15;Parcela 4/8 - Pago dia 02/02/2024;Fevereiro;2024
71;31/12/2023;Despesa;Parcela Buser RJ;Viagens;Não Essencial;Parcelado;Crédito Nubank;4 de 7;OK;49,13;Parcela 4/7 - Pago dia 02/02/2024;Fevereiro;2024
72;31/12/2023;Despesa;Parcela Amazon;Gastos Extras / Diversos;Não Essencial;Parcelado;Crédito Nubank;3 de 6;OK;61,78;Parcela 3/6 - Pago dia 02/02/2024;Fevereiro;2024
73;31/12/2023;Despesa;Tenis Adidas Adizero Pro 3;Roupas e Calçados;Não Essencial;Parcelado;Crédito Nubank;10 de 12;OK;111,74;Parcela 10/12 - Pago dia 02/02/2024;Fevereiro;2024
74;31/12/2023;Despesa;Perfume Sauvage;Cuidados Pessoais;Não Essencial;Parcelado;Crédito Nubank;2 de 10;OK;70,5;Parcela 2/10 - Pago dia 02/02/2024;Fevereiro;2024
75;31/12/2023;Despesa;Antitranspirante (Amazon);Cuidados Pessoais;Não Essencial;Parcelado;Crédito Nubank;2 de 2;OK;55,2;Parcela 2/2 - Pago dia 02/02/2024;Fevereiro;2024
76;31/12/2023;Despesa;Cobertor Olívia;Gastos Extras / Diversos;Não Essencial;Parcelado;Crédito Nubank;2 de 6;OK;31,26;Parcela 2/6 - Pago dia 02/02/2024;Fevereiro;2024
77;23/12/2023;Despesa;Calça Jeans -  Líria;Roupas e Calçados;Não Essencial;Parcelado;Crédito Santander;2 de 3;OK;73,32;Parcela 2/3 - Pago dia 15/02/2024;Fevereiro;2024
78;02/12/2023;Despesa;Parcela Mercado Livre;Gastos Extras / Diversos;Não Essencial;Parcelado;Crédito Santander;5 de 6;OK;19,91;Parcela 5/6 - Pago dia 15/02/2024;Fevereiro;2024
79;05/01/2024;Despesa;Amazon Prime;Entretenimento;Essencial;À Vista;Crédito Nubank;;OK;14,9;Pago dia 02/02/2024;Fevereiro;2024
80;11/01/2024;Despesa;HBO Max;Entretenimento;Essencial;À Vista;Crédito Nubank;;OK;29,66;Pago dia 02/02/2024;Fevereiro;2024
81;21/01/2024;Despesa;Google Storage;Entretenimento;Essencial;À Vista;Crédito Nubank;;OK;7,99;Pago dia 02/02/2024;Fevereiro;2024
82;23/01/2024;Despesa;Sem Parar;Transporte;Extra;À Vista;Crédito Nubank;;OK;73,11;Pago dia 02/02/2024;Fevereiro;2024
83;25/01/2024;Despesa;Spotify;Entretenimento;Essencial;À Vista;Crédito Nubank;;OK;27,9;Pago dia 02/02/2024;Fevereiro;2024
84;01/02/2024;Despesa;Gympass;Cuidados Pessoais;Essencial;À Vista;Débito Nubank;;OK;49,9;-;Fevereiro;2024
85;02/02/2024;Despesa;Dente do Pai;Saúde;Essencial;À Vista;Pix;;OK;135;Pix para Edna;Fevereiro;2024
86;02/02/2024;Despesa;Cobertor Luiza e Maria;Gastos Extras / Diversos;Não Essencial;À Vista;Pix;6 de 6;OK;55;Pix para Edna (parcela 06/06);Fevereiro;2024
87;02/02/2024;Despesa;Camiseta Palmeiras anjinhos;Gastos Extras / Diversos;Não Essencial;À Vista;Pix;3 de 3;OK;100;Pix para Edna (parcela 03/03);Fevereiro;2024
88;02/02/2024;Despesa;Mensalidade Corregiz;Cuidados Pessoais;Essencial;À Vista;Pix;;OK;90;Pix para Victor Giz;Fevereiro;2024
89;02/02/2024;Despesa;Psicólogo;Saúde;Essencial;À Vista;Pix;;OK;180;Pix para Vitor Bars;Fevereiro;2024
90;02/02/2024;Despesa;Parte do salário guardado;Poupado / Investimento;Essencial;À Vista;Débito Nubank;;OK;1500;-;Fevereiro;2024
91;02/02/2024;Despesa;Pix do Leo Spotify;Poupado / Investimento;Essencial;À Vista;Débito Nubank;;OK;14;-;Fevereiro;2024
92;02/02/2024;Despesa;Fies;Contas Fixas;Essencial;À Vista;Boleto;;OK;208,19;-;Fevereiro;2024
93;03/02/2024;Despesa;Combustível Sertãozinho Sábado;Transporte;Extra;À Vista;Débito Nubank;;OK;60;-;Fevereiro;2024
94;03/02/2024;Despesa;Cerveja pro Carnaval;Bar / Restaurante / Churrasco;Extra;À Vista;Débito Nubank;;OK;56,9;-;Fevereiro;2024
95;03/02/2024;Despesa;Lanche pós carnaval;Bar / Restaurante / Churrasco;Extra;À Vista;Débito Nubank;;OK;53;-;Fevereiro;2024
96;04/02/2024;Despesa;Amazon Prime;Gastos Extras / Diversos;Extra;À Vista;Crédito Santander;;OK;14,9;Não tenho ideia - Pago 15/02/2024;Fevereiro;2024
97;04/02/2024;Despesa;Café da manha Carnaval;Bar / Restaurante / Churrasco;Extra;À Vista;Débito Nubank;;OK;33,9;-;Fevereiro;2024
98;05/02/2024;Despesa;Gastos com Carnaval;Bar / Restaurante / Churrasco;Extra;À Vista;Pix;;OK;90;Pix para Juliana;Fevereiro;2024
99;05/02/2024;Despesa;Gatorade pós longão;Gastos Gerais Corrida;Extra;À Vista;Débito Nubank;;OK;12;-;Fevereiro;2024
100;06/02/2024;Despesa;Pix trufa;Gastos Extras / Diversos;Extra;À Vista;Pix;;OK;6;Pix para Danilo Raizen;Fevereiro;2024
101;07/02/2024;Despesa;Pix para salgado (PPCM);Gastos Extras / Diversos;Extra;À Vista;Pix;;OK;10,25;Pix para Duda;Fevereiro;2024
102;08/02/2024;Despesa;Trufa Duda;Gastos Extras / Diversos;Extra;À Vista;Pix;;OK;5;Pix pra Duda;Fevereiro;2024
103;08/02/2024;Despesa;Pix carnaval Isabella;Gastos Extras / Diversos;Extra;À Vista;Pix;;OK;35;Pix para a Isabella Anjos;Fevereiro;2024
104;08/02/2024;Despesa;Combustível Sertãozinho;Transporte;Extra;À Vista;Débito Nubank;;OK;60;-;Fevereiro;2024
105;09/02/2024;Despesa;Carnaval Casa Dodo;Bar / Restaurante / Churrasco;Extra;À Vista;Débito Nubank;;OK;120;3 compras no débito (50 + 50 + 20);Fevereiro;2024
106;10/02/2024;Despesa;Bebida p churrasco nas Anjos;Bar / Restaurante / Churrasco;Extra;À Vista;Débito Nubank;;OK;66,85;-;Fevereiro;2024
107;13/02/2024;Despesa;Carnaval Armazém;Bar / Restaurante / Churrasco;Extra;À Vista;Débito Nubank;;OK;5;-;Fevereiro;2024
108;13/02/2024;Despesa;Posto pós Armazem;Bar / Restaurante / Churrasco;Extra;À Vista;Débito Nubank;;OK;41,4;-;Fevereiro;2024
109;13/02/2024;Despesa;Padaria;Gastos Extras / Diversos;Extra;À Vista;Débito Nubank;;OK;14,11;-;Fevereiro;2024
110;26/02/2024;Despesa;Vivo Controle;Contas Fixas;Essencial;À Vista;Débito Santander;;OK;88;-;Fevereiro;2024
111;15/02/2024;Despesa;Gatorade pós corrida;Gastos Gerais Corrida;Extra;À Vista;Débito Nubank;;OK;13,5;-;Fevereiro;2024
112;17/02/2024;Despesa;Padaria pós Nutricionista;Gastos Extras / Diversos;Extra;À Vista;Débito Nubank;;OK;15,91;-;Fevereiro;2024
113;17/02/2024;Despesa;Retorno Nutricionista;Cuidados Pessoais;Essencial;À Vista;Pix;;OK;100;Pix para Hianka;Fevereiro;2024
114;17/02/2024;Despesa;Bebida p churrasco no Feih;Bar / Restaurante / Churrasco;Extra;À Vista;Débito Nubank;;OK;32,5;-;Fevereiro;2024
115;18/02/2024;Despesa;Combustível Guariba;Transporte;Extra;À Vista;Débito Nubank;;OK;40;-;Fevereiro;2024
116;18/02/2024;Despesa;Bebida p churrasco em Guariba;Bar / Restaurante / Churrasco;Extra;À Vista;Débito Nubank;;OK;43;-;Fevereiro;2024
117;18/02/2024;Despesa;Pizza pós Churrasco;Bar / Restaurante / Churrasco;Extra;À Vista;Pix;;OK;21;Pix para Mazza;Fevereiro;2024
118;21/02/2024;Despesa;Pix Salgadinho;Gastos Extras / Diversos;Extra;À Vista;Pix;;OK;9,28;Pix para Carol Camolez;Fevereiro;2024
119;23/02/2024;Despesa;Combustível Sertãozinho;Transporte;Extra;À Vista;Débito Nubank;;OK;60,03;-;Fevereiro;2024
120;25/02/2024;Despesa;Gatorade pós corrida;Gastos Gerais Corrida;Extra;À Vista;Débito Nubank;;OK;12,99;-;Fevereiro;2024
121;26/02/2024;Despesa;Calção Hostel Joyce;Gastos Extras / Diversos;Extra;À Vista;Pix;;OK;22,5;Pix para Zen Garden Hostel;Fevereiro;2024
122;28/02/2024;Despesa;Combustível Sertãoziho;Transporte;Extra;À Vista;Débito Nubank;;OK;40;-;Fevereiro;2024
123;28/02/2024;Despesa;Pão de queijo para a galera PCM;Gastos Extras / Diversos;Extra;À Vista;Débito Nubank;;OK;30;-;Fevereiro;2024
124;29/02/2024;Despesa;Sobra de Fevereiro;Poupado / Investimento;Essencial;À Vista;Débito Nubank;;OK;246;Dinheiro Separado;Fevereiro;2024
125;01/03/2024;Receita;Salário + mini ganhos conta;Entrada;;;;;OK;4839,63;-;Março;2024
126;01/03/2024;Receita;Pix Leo;Entrada;;;;;OK;14;-;Março;2024
127;21/03/2024;Receita;Presente Padrinho;Entrada;;;;;OK;100;-;Março;2024
128;30/01/2024;Despesa;Parcela BAW;Roupas e Calçados;Não Essencial;Parcelado;Crédito Nubank;6 de 9;OK;53,04;Parcela 6/9 - Pago dia 01/03/2024;Março;2024
129;30/01/2024;Despesa;Seguro do Carro;Transporte;Essencial;Parcelado;Crédito Nubank;6 de 6;OK;241,78;Parcela 6/6 - Pago dia 01/03/2024;Março;2024
130;30/01/2024;Despesa;Parcela Amazon;Gastos Extras / Diversos;Não Essencial;Parcelado;Crédito Nubank;5 de 8;OK;53,15;Parcela 5/8 - Pago dia 01/03/2024;Março;2024
131;30/01/2024;Despesa;Parcela Buser RJ;Viagens;Não Essencial;Parcelado;Crédito Nubank;5 de 7;OK;49,13;Parcela 5/7 - Pago dia 01/03/2024;Março;2024
132;30/01/2024;Despesa;Parcela Amazon;Gastos Extras / Diversos;Não Essencial;Parcelado;Crédito Nubank;4 de 6;OK;61,78;Parcela 4/6 - Pago dia 01/03/2024;Março;2024
133;30/01/2024;Despesa;Tenis Adidas Adizero Pro 3;Roupas e Calçados;Não Essencial;Parcelado;Crédito Nubank;11 de 12;OK;111,74;Parcela 11/12 - Pago dia 01/03/2024;Março;2024
134;30/01/2024;Despesa;Perfume Sauvage;Cuidados Pessoais;Não Essencial;Parcelado;Crédito Nubank;3 de 10;OK;70,5;Parcela 3/10 - Pago dia 01/03/2024;Março;2024
135;30/01/2024;Despesa;Cobertor Olívia;Gastos Extras / Diversos;Não Essencial;Parcelado;Crédito Nubank;3 de 6;OK;31,26;Parcela 3/6 - Pago dia 01/03/2024;Março;2024
136;23/12/2023;Despesa;Calça Jeans -  Líria;Roupas e Calçados;Não Essencial;Parcelado;Crédito Santander;3 de 3;OK;73,32;Parcela 3/3 - Pago dia 15/03/2024;Março;2024
137;02/12/2023;Despesa;Parcela Mercado Livre;Gastos Extras / Diversos;Não Essencial;Parcelado;Crédito Santander;6 de 6;OK;19,91;Parcela 6/6 - Pago dia 15/03/2024;Março;2024
138;03/02/2024;Despesa;Uber Carnaval;Transporte;Extra;À Vista;Crédito Nubank;;OK;12,95;Pago dia 01/03/2024;Março;2024
139;07/02/2024;Despesa;Suplementos Growth;Cuidados Pessoais;Não Essencial;Parcelado;Crédito Santander;1 de 6;OK;56,53;Parcela 1/6 - Pago dia 15/03/2024;Março;2024
140;12/02/2024;Despesa;Ingresso Carnaval Armazém;Bar / Restaurante / Churrasco;Extra;Parcelado;Crédito Santander;1 de 2;OK;86,84;Parcela 1/2 - Pago dia 15/03/2024;Março;2024
141;21/02/2024;Despesa;HBO Max;Entretenimento;Essencial;À Vista;Crédito Nubank;;OK;29,66;Pago dia 01/03/2024;Março;2024
142;24/02/2024;Despesa;Spotify;Entretenimento;Essencial;À Vista;Crédito Nubank;;OK;27,9;Pago dia 01/03/2024;Março;2024
143;25/02/2024;Despesa;Amazon Music;Entretenimento;Essencial;À Vista;Crédito Nubank;;OK;11,9;Pago dia 01/03/2024;Março;2024
144;01/03/2024;Despesa;Pix do Leo Spotify;Poupado / Investimento;Essencial;À Vista;Débito Nubank;;OK;14;-;Março;2024
145;01/03/2024;Despesa;Gympass;Cuidados Pessoais;Essencial;À Vista;Débito Nubank;;OK;55,9;-;Março;2024
146;01/03/2024;Despesa;Dente do Pai;Saúde;Essencial;À Vista;Pix;;OK;135;Pix para Edna;Março;2024
147;01/03/2024;Despesa;Mensalidade Corregiz;Cuidados Pessoais;Essencial;À Vista;Pix;;OK;90;Pix para Victor Giz;Março;2024
148;01/03/2024;Despesa;Psicólogo;Saúde;Essencial;À Vista;Pix;;OK;90;Pix para Vitor Bars;Março;2024
149;01/03/2024;Despesa;Fies;Contas Fixas;Essencial;À Vista;Boleto;;OK;208,19;-;Março;2024
150;01/03/2024;Despesa;Ração cachorras;Gastos Extras / Diversos;Extra;À Vista;Pix;;OK;235;Pix para Edna;Março;2024
151;02/03/2024;Despesa;Sem Parar;Transporte;Extra;À Vista;Crédito Santander;;OK;50;Pago dia 15/03/2024;Março;2024
152;02/03/2024;Despesa;Sem Parar;Transporte;Extra;À Vista;Crédito Santander;;OK;20;Pago dia 15/03/2024;Março;2024
153;02/03/2024;Despesa;Sem Parar;Transporte;Extra;À Vista;Crédito Santander;;OK;100;Pago dia 15/03/2024;Março;2024
154;02/03/2024;Despesa;Padaria sábado;Gastos Extras / Diversos;Extra;À Vista;Débito Nubank;;OK;53,14;-;Março;2024
155;02/03/2024;Despesa;Janta Sábado - Dom Cabral;Bar / Restaurante / Churrasco;Extra;À Vista;Pix;;OK;100;Pix para Dom Cabral;Março;2024
156;08/03/2024;Despesa;Bebida Espetinho Flamboyant;Bar / Restaurante / Churrasco;Extra;À Vista;Débito Nubank;;OK;19,5;-;Março;2024
157;09/03/2024;Despesa;Bar da Vitamina - Café da Manhã;Bar / Restaurante / Churrasco;Extra;À Vista;Débito Nubank;;OK;31,5;-;Março;2024
158;11/03/2024;Despesa;Rifa Hélio;Gastos Extras / Diversos;Extra;À Vista;Pix;;OK;40;Pix para Edna;Março;2024
159;12/03/2024;Despesa;Gatorade pós corrida;Gastos Gerais Corrida;Extra;À Vista;Débito Nubank;;OK;9,99;-;Março;2024
160;13/03/2024;Despesa;Marmita Leo;Gastos Extras / Diversos;Extra;À Vista;Pix;;OK;17;Pix para Leo;Março;2024
161;13/03/2024;Despesa;Abrapec;Gastos Extras / Diversos;Extra;À Vista;Pix;;OK;15;Pix para Abrapec;Março;2024
162;13/03/2024;Despesa;Rodízio Pizza;Bar / Restaurante / Churrasco;Extra;À Vista;Débito Nubank;;OK;100;-;Março;2024
163;14/03/2024;Despesa;Combustível Sertãozinho;Transporte;Extra;À Vista;Débito Nubank;;OK;60;-;Março;2024
164;16/03/2024;Despesa;Combustível Ribeirão;Transporte;Extra;À Vista;Débito Nubank;;OK;70;-;Março;2024
165;16/03/2024;Despesa;Decatlhon Natação;Gastos Gerais Corrida;Não Essencial;À Vista;Débito Nubank;;OK;62,5;Pago da fatura de Abril;Março;2024
166;16/03/2024;Despesa;Açaí Shopping;Gastos Extras / Diversos;Extra;À Vista;Débito Nubank;;OK;17,13;-;Março;2024
167;16/03/2024;Despesa;Salgadinhos Carrefour;Gastos Extras / Diversos;Extra;À Vista;Débito Nubank;;OK;37,96;-;Março;2024
168;16/03/2024;Despesa;Estacionamento Shopping;Transporte;Extra;À Vista;Débito Nubank;;OK;10;-;Março;2024
169;16/03/2024;Despesa;Farmácia Ribeirão;Gastos Extras / Diversos;Extra;À Vista;Débito Nubank;;OK;13,98;-;Março;2024
170;17/03/2024;Despesa;Padaria Ribeirão;Gastos Extras / Diversos;Extra;À Vista;Débito Nubank;;OK;21,4;-;Março;2024
171;17/03/2024;Despesa;Pão posto combustível;Gastos Extras / Diversos;Extra;À Vista;Débito Nubank;;OK;26,32;-;Março;2024
172;19/03/2024;Despesa;Corte de Cabelo;Cuidados Pessoais;Extra;À Vista;Débito Nubank;;OK;60;-;Março;2024
173;20/03/2024;Despesa;Gatorade pós corrida;Gastos Gerais Corrida;Extra;À Vista;Débito Nubank;;OK;12,98;-;Março;2024
174;21/03/2024;Despesa;Combustível Sertãozinho;Transporte;Extra;À Vista;Débito Nubank;;OK;60;-;Março;2024
175;21/03/2024;Despesa;Vivo Controle;Contas Fixas;Essencial;À Vista;Débito Santander;;OK;88,4;-;Março;2024
176;21/03/2024;Despesa;Jantar de Aniversário;Bar / Restaurante / Churrasco;Extra;À Vista;Débito Nubank;;OK;200;-;Março;2024
177;22/03/2024;Despesa;Guarda Roupa Isadora;Gastos Extras / Diversos;Essencial;À Vista;Pix;;OK;500;Pix para Isadora;Março;2024
178;22/03/2024;Despesa;Bebida posto para beber na Isadora;Bar / Restaurante / Churrasco;Extra;À Vista;Débito Nubank;;OK;76,85;-;Março;2024
179;24/03/2024;Despesa;Gatorade pré corrida;Gastos Gerais Corrida;Extra;À Vista;Débito Nubank;;OK;9,74;-;Março;2024
180;26/03/2024;Despesa;Combustível Sertãozinho;Transporte;Extra;À Vista;Débito Nubank;;OK;50;-;Março;2024
181;28/03/2024;Despesa;Lanche pós lava pés;Bar / Restaurante / Churrasco;Extra;À Vista;Pix;;OK;133;Pix para o Gordinho Lanches;Março;2024
182;30/03/2024;Despesa;Presente Edna;Gastos Extras / Diversos;Extra;À Vista;Débito Nubank;;OK;200;-;Março;2024
183;30/03/2024;Despesa;Janta pós Páscoa;Bar / Restaurante / Churrasco;Extra;À Vista;Débito Nubank;;OK;99,98;-;Março;2024
184;31/03/2024;Despesa;Dinheiro poupado;Poupado / Investimento;Essencial;À Vista;Débito Nubank;;OK;767;(sobra do mês + pix do Leo de abril);Março;2024
185;01/04/2024;Receita;Salário + mini ganhos conta;Entrada;;;;;OK;4832,45;-;Abril;2024
186;31/03/2024;Sobra;Sobra Março 2024;Entrada;;;;;OK;0,78;-;Abril;2024
187;01/04/2024;Receita;Pix Leo;Entrada;;;;;OK;14;-;Abril;2024
188;28/02/2024;Despesa;Parcela BAW;Roupas e Calçados;Não Essencial;Parcelado;Crédito Nubank;7 de 9;OK;53,04;Parcela 7/9 - Pago dia 01/04/2024;Abril;2024
189;28/02/2024;Despesa;Parcela Amazon;Gastos Extras / Diversos;Não Essencial;Parcelado;Crédito Nubank;6 de 8;OK;53,15;Parcela 6/8 - Pago dia 01/04/2024;Abril;2024
190;28/02/2024;Despesa;Parcela Buser RJ;Viagens;Não Essencial;Parcelado;Crédito Nubank;6 de 7;OK;49,13;Parcela 6/7 - Pago dia 01/04/2024;Abril;2024
191;28/02/2024;Despesa;Parcela Amazon;Gastos Extras / Diversos;Não Essencial;Parcelado;Crédito Nubank;5 de 6;OK;61,78;Parcela 5/6 - Pago dia 01/04/2024;Abril;2024
192;28/02/2024;Despesa;Tenis Adidas Adizero Pro 3;Roupas e Calçados;Não Essencial;Parcelado;Crédito Nubank;12 de 12;OK;111,74;Parcela 12/12 - Pago dia 01/04/2024;Abril;2024
193;28/02/2024;Despesa;Perfume Sauvage;Cuidados Pessoais;Não Essencial;Parcelado;Crédito Nubank;4 de 10;OK;70,5;Parcela 4/10 - Pago dia 01/04/2024;Abril;2024
194;28/02/2024;Despesa;Cobertor Olívia;Gastos Extras / Diversos;Não Essencial;Parcelado;Crédito Nubank;4 de 6;OK;31,26;Parcela 4/6 - Pago dia 01/04/2024;Abril;2024
195;07/02/2024;Despesa;Suplementos Growth;Cuidados Pessoais;Não Essencial;Parcelado;Crédito Santander;2 de 6;OK;56,53;Parcela 2/6 - Pago dia 15/04/2024;Abril;2024
196;12/02/2024;Despesa;Ingresso Carnaval Armazém;Bar / Restaurante / Churrasco;Extra;Parcelado;Crédito Santander;2 de 2;OK;86,84;Parcela 2/2 - Pago dia 15/04/2024;Abril;2024
197;01/03/2024;Despesa;Sem Parar;Transporte;Extra;À Vista;Crédito Nubank;;OK;156,51;Pago dia 01/04/2024;Abril;2024
198;04/03/2024;Despesa;Amazon Prime;Entretenimento;Essencial;À Vista;Crédito Nubank;;OK;14,9;Pago dia 01/04/2024;Abril;2024
199;11/03/2024;Despesa;Google Storage;Entretenimento;Essencial;À Vista;Crédito Nubank;;OK;7,99;Pago dia 01/04/2024;Abril;2024
200;11/03/2024;Despesa;Cuecas Amazon;Roupas e Calçados;Não Essencial;Parcelado;Crédito Nubank;1 de 2;OK;60,09;Parcela 1/2 - Pago dia 01/04/2024;Abril;2024
201;11/03/2024;Despesa;HBO Max;Entretenimento;Essencial;À Vista;Crédito Nubank;;OK;29,66;Pago dia 01/04/2024;Abril;2024
202;14/03/2024;Despesa;Shampoo Clear Amazon;Cuidados Pessoais;Essencial;À Vista;Crédito Nubank;;OK;72,55;Pago dia 01/04/2024;Abril;2024
203;16/03/2024;Despesa;Decatlhon Natação;Gastos Gerais Corrida;Não Essencial;À Vista;Crédito Nubank;;OK;0;Pago da fatura de Abril;Abril;2024
204;20/03/2024;Despesa;Google Storage;Entretenimento;Essencial;À Vista;Crédito Nubank;;OK;7,99;Pago dia 01/04/2024;Abril;2024
205;21/03/2024;Despesa;Sem Parar;Transporte;Extra;À Vista;Crédito Santander;;OK;50;Pago dia 15/04/2024;Abril;2024
206;24/03/2024;Despesa;Spotify;Entretenimento;Essencial;À Vista;Crédito Nubank;;OK;27,9;Pago dia 01/04/2024;Abril;2024
207;01/04/2024;Despesa;Fies;Contas Fixas;Essencial;À Vista;Boleto;;OK;208,19;-;Abril;2024
208;01/04/2024;Despesa;Multa;Transporte;Extra;À Vista;Débito Santander;;OK;78,09;-;Abril;2024
209;01/04/2024;Despesa;Gympass;Cuidados Pessoais;Essencial;À Vista;Débito Nubank;;OK;55,9;-;Abril;2024
210;01/04/2024;Despesa;Psicólogo;Saúde;Essencial;À Vista;Pix;;OK;270;Pix para Vitor Bars;Abril;2024
211;01/04/2024;Despesa;Dente do Pai;Saúde;Essencial;À Vista;Pix;;OK;135;Pix para Edna;Abril;2024
212;01/04/2024;Despesa;Mensalidade Corregiz;Cuidados Pessoais;Essencial;À Vista;Pix;;OK;90;Pix para Victor Giz;Abril;2024
213;01/04/2024;Despesa;Parte do salário guardado;Poupado / Investimento;Essencial;À Vista;Débito Nubank;;OK;1000;-;Abril;2024
214;02/04/2024;Despesa;Sem Parar;Transporte;Extra;À Vista;Crédito Santander;;OK;50;Pago dia 15/04/2024;Abril;2024
215;02/04/2024;Despesa;Reforma Igreja;Contas Fixas;Não Essencial;À Vista;Pix;;OK;30;Pix para Edna;Abril;2024
216;02/04/2024;Despesa;Savegnago pós corrida;Gastos Extras / Diversos;Não Essencial;À Vista;Débito Nubank;;OK;40,86;-;Abril;2024
217;05/03/2024;Despesa;Bar do Balaio pós Corrida;Bar / Restaurante / Churrasco;Extra;À Vista;Pix;;OK;30;Pix para Dani Veiga;Abril;2024
218;06/03/2024;Despesa;Retorno Nutricionista;Saúde;Essencial;À Vista;Pix;;OK;100;Pix para Hianka;Abril;2024
219;06/03/2024;Despesa;Combustível;Transporte;Não Essencial;À Vista;Débito Nubank;;OK;20;-;Abril;2024
220;07/03/2024;Despesa;Gatorade pós corrida;Gastos Gerais Corrida;Extra;À Vista;Pix;;OK;9;Pix Sanflorian;Abril;2024
221;07/03/2024;Despesa;Açougue Supremo Beef;Gastos Extras / Diversos;Extra;À Vista;Débito Nubank;;OK;77,62;-;Abril;2024
222;08/03/2024;Receita;Estorno Anuidade;Gastos Extras / Diversos;Não Essencial;À Vista;Crédito Santander;;OK;25,75;-;Abril;2024
223;09/04/2024;Despesa;Mensalidade Saúde Total;Cuidados Pessoais;Essencial;À Vista;Pix;;OK;135;Pix para Saúde Total;Abril;2024
224;11/04/2024;Despesa;Combustível Sertãozinho;Transporte;Extra;À Vista;Débito Nubank;;OK;40;-;Abril;2024
225;12/02/2024;Despesa;Pastel pós corrida;Bar / Restaurante / Churrasco;Extra;À Vista;Débito Nubank;;OK;61,9;-;Abril;2024
226;13/04/2024;Despesa;Gringos com os meninos;Bar / Restaurante / Churrasco;Extra;À Vista;Débito Nubank;;OK;62,4;-;Abril;2024
227;13/04/2024;Despesa;Jantar Sábado - Aretusa;Bar / Restaurante / Churrasco;Extra;À Vista;Débito Nubank;;OK;119;-;Abril;2024
228;16/04/2024;Despesa;Inscrição Calipal;Gastos Gerais Corrida;Não Essencial;À Vista;Pix;;OK;72;Pix para Jonathan;Abril;2024
229;19/04/2024;Despesa;Savegnago janta sexta feira;Gastos Extras / Diversos;Não Essencial;À Vista;Pix;;OK;75,32;Pix Savegnago;Abril;2024
230;20/04/2024;Despesa;Gatorade pós corrida;Gastos Gerais Corrida;Extra;À Vista;Pix;;OK;15,5;Pix Sanflorian;Abril;2024
231;20/04/2024;Despesa;Presente Olívia;Gastos Extras / Diversos;Não Essencial;À Vista;Pix;;OK;120;Pix para Edna;Abril;2024
232;20/04/2024;Despesa;Pizza pós Supremo Beef;Bar / Restaurante / Churrasco;Extra;À Vista;Pix;;OK;36,5;Pix Mateus Mazza;Abril;2024
233;24/04/2024;Despesa;Vivo Controle;Contas Fixas;Essencial;À Vista;Débito Santander;;OK;88;-;Abril;2024
234;27/04/2024;Despesa;Pizza Sábado (N° 1);Bar / Restaurante / Churrasco;Extra;À Vista;Débito Nubank;;OK;138;-;Abril;2024
235;27/04/2024;Despesa;Sorvete Pizaria (N° 1);Bar / Restaurante / Churrasco;Extra;À Vista;Débito Nubank;;OK;82,5;-;Abril;2024
236;28/04/2024;Despesa;Gatorade pós corrida;Gastos Gerais Corrida;Extra;À Vista;Pix;;OK;9;Pix Sanflorian;Abril;2024
237;29/04/2024;Despesa;Abrapec;Gastos Extras / Diversos;Extra;À Vista;Pix;;OK;15;Pix para Abrapec;Abril;2024
238;30/04/2024;Despesa;Sobra do Sálario Abril;Poupado / Investimento;Essencial;À Vista;Débito Nubank;;OK;605;-;Abril;2024
239;01/05/2024;Receita;Salário + mini ganhos conta;Entrada;;;;;OK;4834,02;-;Maio;2024
240;01/05/2024;Sobra;Sobra Abril 2024;Entrada;;;;;OK;0,91;-;Maio;2024
241;01/05/2024;Receita;Pix Leo;Entrada;;;;;OK;14;-;Maio;2024
242;27/05/2024;Receita;Pix Edna (combustível SP);Entrada;;;;;OK;300;-;Maio;2024
243;26/05/2024;Receita;Pix Fontes;Entrada;;;;;OK;0,15;-;Maio;2024
244;30/03/2024;Despesa;Parcela BAW;Roupas e Calçados;Não Essencial;Parcelado;Crédito Nubank;8 de 9;OK;53,04;Parcela 8/9 - Pago dia 02/05/2024;Maio;2024
245;30/03/2024;Despesa;Parcela Amazon;Gastos Extras / Diversos;Não Essencial;Parcelado;Crédito Nubank;7 de 8;OK;53,15;Parcela 7/8 - Pago dia 02/05/2024;Maio;2024
246;30/03/2024;Despesa;Parcela Buser RJ;Viagens;Não Essencial;Parcelado;Crédito Nubank;7 de 7;OK;49,13;Parcela 7/7 - Pago dia 02/05/2024;Maio;2024
247;30/03/2024;Despesa;Parcela Amazon;Gastos Extras / Diversos;Não Essencial;Parcelado;Crédito Nubank;6 de 6;OK;61,78;Parcela 6/6 - Pago dia 02/05/2024;Maio;2024
248;30/03/2024;Despesa;Perfume Sauvage;Cuidados Pessoais;Não Essencial;Parcelado;Crédito Nubank;5 de 10;OK;70,5;Parcela 5/10 - Pago dia 02/05/2024;Maio;2024
249;30/03/2024;Despesa;Cobertor Olívia;Gastos Extras / Diversos;Não Essencial;Parcelado;Crédito Nubank;5 de 6;OK;31,26;Parcela 5/6 - Pago dia 02/05/2024;Maio;2024
250;07/02/2024;Despesa;Suplementos Growth;Cuidados Pessoais;Não Essencial;Parcelado;Crédito Santander;3 de 6;OK;56,51;Parcela 3/6 - Pago dia 15/05/2024;Maio;2024
251;30/03/2024;Despesa;Cuecas Amazon;Roupas e Calçados;Não Essencial;Parcelado;Crédito Nubank;2 de 2;OK;60,08;Parcela 2/2 - Pago dia 02/05/2024;Maio;2024
252;30/03/2024;Despesa;Decatlhon Natação;Gastos Gerais Corrida;Não Essencial;Parcelado;Crédito Nubank;2 de 4;OK;62,49;Parcela 2/4 - Pago dia 02/05/2024;Maio;2024
253;05/04/2024;Despesa;Amazon Prime;Entretenimento;Essencial;À Vista;Crédito Nubank;;OK;14,9;Pago dia 02/05/2024;Maio;2024
254;08/04/2024;Despesa;Ingresso GranBeef;Gastos Extras / Diversos;Extra;Parcelado;Crédito Nubank;1 de 2;OK;150;Parcela 1/2 - Pago dia 02/05/2024;Maio;2024
255;12/04/2024;Despesa;HBO Max;Entretenimento;Essencial;À Vista;Crédito Nubank;;OK;29,66;Pago dia 02/05/2024;Maio;2024
256;21/04/2024;Despesa;Cuecas Mercado Livre;Roupas e Calçados;Não Essencial;Parcelado;Crédito Nubank;1 de 4;OK;31,24;Parcela 1/4 - Pago dia 02/05/2024;Maio;2024
257;21/04/2024;Despesa;Pacote Premiere;Entretenimento;Essencial;Parcelado;Crédito Nubank;1 de 12;OK;29,9;Parcela 1/12 - Pago dia 02/05/2024;Maio;2024
258;23/04/2024;Despesa;Google Storage;Entretenimento;Essencial;À Vista;Crédito Nubank;;OK;7,99;Pago dia 02/05/2024;Maio;2024
259;25/04/2024;Despesa;Spotify;Entretenimento;Essencial;À Vista;Crédito Nubank;;OK;27,9;Pago dia 02/05/2024;Maio;2024
260;26/04/2024;Receita;Estorno Cuecas Amazon;Roupas e Calçados;Não Essencial;À Vista;Crédito Nubank;;OK;120,17;-;Maio;2024
261;01/05/2024;Despesa;Gympass;Cuidados Pessoais;Essencial;À Vista;Débito Nubank;;OK;55,9;-;Maio;2024
262;01/05/2024;Despesa;Gatorade pós Corrida;Gastos Gerais Corrida;Extra;À Vista;Débito Santander;;OK;9;-;Maio;2024
263;01/05/2024;Despesa;Sem Parar;Transporte;Extra;À Vista;Crédito Santander;;OK;50;Pago dia 15/05/2024;Maio;2024
264;02/05/2024;Despesa;Psicólogo;Saúde;Essencial;À Vista;Pix;;OK;180;Pix para Vitor Bars;Maio;2024
265;02/05/2024;Despesa;Dente do Pai;Saúde;Essencial;À Vista;Pix;;OK;135;Pix para Edna;Maio;2024
266;02/05/2024;Despesa;Mensalidade Corregiz;Gastos Gerais Corrida;Essencial;À Vista;Pix;;OK;90;Pix para Victor Giz;Maio;2024
267;02/05/2024;Despesa;Reforma Igreja;Contas Fixas;Não Essencial;À Vista;Pix;;OK;30;Pix para Edna;Maio;2024
268;02/05/2024;Despesa;Fies;Contas Fixas;Essencial;À Vista;Boleto;;OK;208,19;-;Maio;2024
269;02/05/2024;Despesa;Mensalidade Saúde Total;Cuidados Pessoais;Essencial;À Vista;Pix;;OK;135;Pix para Saúde Total;Maio;2024
270;02/05/2024;Despesa;Ração Cachorras;Gastos Extras / Diversos;Não Essencial;À Vista;Pix;;OK;78,5;Pix para Edna;Maio;2024
271;02/05/2024;Despesa;Dinheiro para Chá Fralda Gabi PPCM;Gastos Extras / Diversos;Extra;À Vista;Pix;;OK;60;Pix para Carol PPCM;Maio;2024
272;02/05/2024;Despesa;Salgadinho de Sexta 26/04;Gastos Extras / Diversos;Extra;À Vista;Pix;;OK;10,35;Pix para Portinho;Maio;2024
273;02/05/2024;Despesa;Combustível Sertãozinho;Transporte;Extra;À Vista;Débito Nubank;;OK;60;-;Maio;2024
274;03/05/2024;Despesa;Sexta feira Bar - Seu Chico ;Bar / Restaurante / Churrasco;Extra;À Vista;Débito Nubank;;OK;91,18;-;Maio;2024
275;04/05/2024;Despesa;Bar da Vitaminas;Bar / Restaurante / Churrasco;Extra;À Vista;Débito Nubank;;OK;41;-;Maio;2024
276;04/05/2024;Despesa;Sábado - Gringos;Bar / Restaurante / Churrasco;Extra;À Vista;Débito Nubank;;OK;75,48;-;Maio;2024
277;05/05/2024;Despesa;Gatorade pós Corrida;Gastos Gerais Corrida;Extra;À Vista;Débito Nubank;;OK;9;-;Maio;2024
278;06/05/2024;Despesa;Parte do salário guardado;Poupado / Investimento;Essencial;À Vista;Débito Nubank;;OK;1500;-;Maio;2024
279;06/05/2024;Despesa;Parcelamento Dente;Reposição Reserva;Essencial;Parcelado;Débito Nubank;1 de 8;OK;175;1/8 - Reposição dinheiro resgatado;Maio;2024
280;07/05/2024;Despesa;Combustível Sertãozinho;Transporte;Extra;À Vista;Débito Nubank;;OK;50;-;Maio;2024
281;08/05/204;Despesa;Padaria - Pão e Manteiga p/ Usina;Gastos Extras / Diversos;Extra;À Vista;Débito Nubank;;OK;25,5;-;Maio;2024
282;08/05/2024;Despesa;Pão - Posto Combustível;Gastos Extras / Diversos;Extra;À Vista;Débito Nubank;;OK;30,91;-;Maio;2024
283;09/05/2024;Despesa;Combustível Sertãozinho;Transporte;Extra;À Vista;Débito Nubank;;OK;50;-;Maio;2024
284;10/05/2024;Despesa;Salgadinho de Sexta 10/05;Gastos Extras / Diversos;Extra;À Vista;Pix;;OK;8,5;Pix para Carol PPCM;Maio;2024
285;10/05/2024;Despesa;Chick-in;Bar / Restaurante / Churrasco;Extra;À Vista;Débito Nubank;;OK;82;-;Maio;2024
286;10/05/2024;Despesa;Sexta feira Bar - Seu Chico ;Bar / Restaurante / Churrasco;Extra;À Vista;Débito Nubank;;OK;50;-;Maio;2024
287;11/05/2024;Despesa;Sábado - Gringos;Bar / Restaurante / Churrasco;Extra;À Vista;Débito Nubank;;OK;128;-;Maio;2024
288;17/05/2024;Despesa;Aporte XP;Poupado / Investimento;Essencial;À Vista;Débito Nubank;;OK;150;-;Maio;2024
289;18/05/2024;Despesa;Bebida posto - Churrasco Balão;Bar / Restaurante / Churrasco;Extra;À Vista;Débito Nubank;;OK;18,89;-;Maio;2024
290;18/05/2024;Despesa;Combustível;Transporte;Não Essencial;À Vista;Débito Nubank;;OK;20;-;Maio;2024
291;18/05/2024;Despesa;Quermesse São José Operário;Bar / Restaurante / Churrasco;Extra;À Vista;Débito Nubank;;OK;67;-;Maio;2024
292;19/05/2024;Despesa;Pastel pós Calipal;Bar / Restaurante / Churrasco;Extra;À Vista;Débito Nubank;;OK;28;-;Maio;2024
293;20/05/2024;Despesa;Presente Olívia;Gastos Extras / Diversos;Essencial;À Vista;Pix;;OK;38;Pix para Edna;Maio;2024
294;20/05/2024;Despesa;Batata Recheada Sexta Feira;Bar / Restaurante / Churrasco;Extra;À Vista;Pix;;OK;38;Pix para Edna;Maio;2024
295;20/05/2024;Despesa;Pomada para o pé;Cuidados Pessoais;Não Essencial;À Vista;Pix;;OK;24;Pix para Edna;Maio;2024
296;21/05/2024;Despesa;Vivo Controle;Contas Fixas;Essencial;À Vista;Débito Santander;;OK;88;-;Maio;2024
297;21/05/2024;Despesa;Pão - Posto Combustível;Gastos Extras / Diversos;Extra;À Vista;Débito Nubank;;OK;5,86;-;Maio;2024
298;22/05/2024;Despesa;Abrapec;Gastos Extras / Diversos;Extra;À Vista;Pix;;OK;15;Pix para Abrapec;Maio;2024
299;23/05/2024;Despesa;Salgadinho Férias;Gastos Extras / Diversos;Extra;À Vista;Pix;;OK;100;Pix para Vinicius Boffi;Maio;2024
300;24/05/2024;Despesa;Sexta feira Bar - Seu Chico ;Bar / Restaurante / Churrasco;Extra;À Vista;Débito Nubank;;OK;58,64;-;Maio;2024
301;25/05/2024;Despesa;Supermercado Nova - Energético;Gastos Extras / Diversos;Extra;À Vista;Débito Nubank;;OK;17,9;-;Maio;2024
302;26/05/2024;Despesa;Fotop - Fotos Calipal;Gastos Gerais Corrida;Extra;À Vista;Pix;;OK;29,8;Pix para Fotop;Maio;2024
303;27/05/2024;Despesa;Combustível Ida SP;Transporte;Extra;À Vista;Débito Nubank;;OK;112,37;-;Maio;2024
304;27/05/2024;Despesa;Combustível em SP;Transporte;Extra;À Vista;Débito Nubank;;OK;102,25;-;Maio;2024
305;27/05/2024;Despesa;Graal Snack;Gastos Extras / Diversos;Extra;À Vista;Débito Nubank;;OK;12,99;-;Maio;2024
306;27/05/2024;Despesa;Estacionamento Aeroporto;Transporte;Extra;À Vista;Débito Nubank;;OK;63;-;Maio;2024
307;29/05/2024;Despesa;Gatorade pós Corrida;Contas Fixas;Extra;À Vista;Débito Nubank;;OK;12,49;-;Maio;2024
308;31/05/2024;Despesa;Água destilada para Pai;Gastos Extras / Diversos;Extra;À Vista;Débito Nubank;;OK;19,5;-;Maio;2024
309;01/06/2024;Despesa;Micropore para Pai;Gastos Extras / Diversos;Extra;À Vista;Débito Nubank;;OK;16,8;-;Maio;2024
310;01/06/2024;Receita;Salário + mini ganhos conta;Entrada;;;;;OK;4119,4;-;Junho;2024
311;24/05/2024;Receita;Férias;Entrada;;;;;OK;1266,96;-;Junho;2024
312;01/06/2024;Sobra;Sobra Maio 2024;Entrada;;;;;OK;22,72;-;Junho;2024
313;01/06/2024;Receita;Pix Edna (Comida);Entrada;;;;;OK;300;-;Junho;2024
314;07/06/2024;Receita;Pix Joyce;Entrada;;;;;OK;80;-;Junho;2024
315;29/06/2024;Receita;Pix Léo;Entrada;;;;;OK;28;-;Junho;2024
316;29/04/2024;Despesa;Parcela BAW;Roupas e Calçados;Não Essencial;Parcelado;Crédito Nubank;9 de 9;OK;53,04;Parcela 9/9 - Pago dia 03/06/2024;Junho;2024
317;29/04/2024;Despesa;Parcela Amazon;Gastos Extras / Diversos;Não Essencial;Parcelado;Crédito Nubank;8 de 8;OK;53,15;Parcela 8/8 - Pago dia 03/06/2024;Junho;2024
318;29/04/2024;Despesa;Perfume Sauvage;Cuidados Pessoais;Não Essencial;Parcelado;Crédito Nubank;6 de 10;OK;70,5;Parcela 6/10 - Pago dia 03/06/2024;Junho;2024
319;29/04/2024;Despesa;Cobertor Olívia;Gastos Extras / Diversos;Não Essencial;Parcelado;Crédito Nubank;6 de 6;OK;31,26;Parcela 6/6 - Pago dia 03/06/2024;Junho;2024
320;29/04/2024;Despesa;Decatlhon Natação;Gastos Gerais Corrida;Não Essencial;Parcelado;Crédito Nubank;3 de 4;OK;62,49;Parcela 3/4 - Pago dia 03/06/2024;Junho;2024
321;29/04/2024;Despesa;Ingresso GranBeef;Gastos Extras / Diversos;Extra;Parcelado;Crédito Nubank;2 de 2;OK;150;Parcela 2/2 - Pago dia 03/06/2024;Junho;2024
322;29/04/2024;Despesa;Cuecas Mercado Livre;Roupas e Calçados;Não Essencial;Parcelado;Crédito Nubank;2 de 4;OK;31,22;Parcela 2/4 - Pago dia 03/06/2024;Junho;2024
323;29/04/2024;Despesa;Pacote Premiere;Entretenimento;Essencial;Parcelado;Crédito Nubank;2 de 12;OK;29,9;Parcela 2/12 - Pago dia 03/06/2024;Junho;2024
324;01/05/2024;Despesa;Almoço Piracicaba;Bar / Restaurante / Churrasco;Extra;À Vista;Crédito Nubank;;OK;73,47;Pago dia 03/06/2024;Junho;2024
325;04/05/2024;Despesa;Amazon Prime;Entretenimento;Essencial;À Vista;Crédito Nubank;;OK;19,9;Pago dia 03/06/2024;Junho;2024
326;11/05/2024;Despesa;HBO Max;Entretenimento;Essencial;À Vista;Crédito Nubank;;OK;29,66;Pago dia 03/06/2024;Junho;2024
327;12/05/2024;Despesa;Compra Amazon - mouse barbeador;Cuidados Pessoais;Extra;Parcelado;Crédito Nubank;1 de 2;OK;59,38;Parcela 1/2 - Pago dia 03/06/2024;Junho;2024
328;14/05/2024;Despesa;Revisão Carro - Buiu;Transporte;Essencial;Parcelado;Crédito Nubank;1 de 3;OK;89,34;Parcela 1/3 - Pago dia 03/06/2024;Junho;2024
329;19/05/2024;Despesa;Copercana pós corrida;Gastos Extras / Diversos;Extra;À Vista;Crédito Nubank;;OK;27,36;Pago dia 03/06/2024;Junho;2024
330;21/05/2024;Despesa;Google Storage;Entretenimento;Essencial;À Vista;Crédito Nubank;;OK;7,99;Pago dia 03/06/2024;Junho;2024
331;24/05/2024;Despesa;Spotify;Entretenimento;Essencial;À Vista;Crédito Nubank;;OK;27,9;Pago dia 03/06/2024;Junho;2024
332;26/05/2024;Despesa;Churrasco Anjos;Bar / Restaurante / Churrasco;Extra;À Vista;Débito Santander;;OK;80;Pix para Isabella Anjos;Junho;2024
333;27/05/2024;Despesa;Combustível volta de SP;Transporte;Extra;À Vista;Débito Santander;;OK;91,38;-;Junho;2024
334;27/05/2024;Despesa;Graal Snack;Gastos Extras / Diversos;Extra;À Vista;Débito Santander;;OK;78,4;-;Junho;2024
335;31/05/2024;Despesa;Retorno Nutricionista;Saúde;Essencial;À Vista;Pix;;OK;100;Pix para Hianka;Junho;2024
336;31/05/2024;Despesa;Aniversario Giulia;Bar / Restaurante / Churrasco;Extra;À Vista;Pix;;OK;70;Pix para Caiao;Junho;2024
337;31/05/2024;Despesa;Ajuste aparelho de sono Pai;Saúde;Essencial;À Vista;Pix;;OK;300;Pix para Practice Gases;Junho;2024
338;01/06/2024;Despesa;Mercado Nova (despesa semanal);Gastos Extras / Diversos;Não Essencial;À Vista;Débito Nubank;;OK;261,94;-;Junho;2024
339;01/06/2024;Despesa;Café da Manhã - Mercado Nova;Gastos Extras / Diversos;Extra;À Vista;Débito Santander;;OK;27,3;-;Junho;2024
340;01/06/2024;Despesa;Compra no Martins (Mizéria);Gastos Extras / Diversos;Não Essencial;À Vista;Débito Santander;;OK;55,88;-;Junho;2024
341;01/06/2024;Despesa;Mc Donald's pós role;Bar / Restaurante / Churrasco;Extra;À Vista;Débito Santander;;OK;27,8;-;Junho;2024
342;01/06/2024;Despesa;Dinheiro pagmento CC Santander;Gastos Extras / Diversos;Extra;À Vista;Débito Santander;;OK;306,51;-;Junho;2024
343;03/06/2024;Despesa;Parcelamento Dente;Reposição Reserva;Essencial;Parcelado;Débito Nubank;2 de 8;OK;175;2/8 - Reposição dinheiro resgatado;Junho;2024
344;03/06/2024;Despesa;Consulta e Remédios Granola;Reposição Reserva;Essencial;Parcelado;Débito Nubank;1 de 7;OK;78;1/7 - Reposição dinheiro resgatado;Junho;2024
345;03/06/2024;Despesa;Mensalidade Corregiz;Gastos Gerais Corrida;Essencial;À Vista;Pix;;OK;90;Pix para Victor Giz;Junho;2024
346;03/06/2024;Despesa;Fies;Contas Fixas;Essencial;À Vista;Boleto;;OK;208,19;-;Junho;2024
347;03/06/2024;Despesa;Mensalidade Saúde Total;Cuidados Pessoais;Essencial;À Vista;Pix;;OK;135;Pix para Saúde Total;Junho;2024
348;03/06/2024;Despesa;Ração Cachorras (2/3);Gastos Extras / Diversos;Não Essencial;À Vista;Pix;;OK;0;R$78,50 - Descontado dos 300;Junho;2024
349;03/06/2024;Despesa;Presente Olívia (3/3);Gastos Extras / Diversos;Não Essencial;À Vista;Pix;;OK;0;R$120,00 - Descontado dos 300;Junho;2024
350;03/06/2024;Despesa;Reforma Igreja;Contas Fixas;Não Essencial;À Vista;Pix;;OK;0;R$30,00 - Descontado dos 300;Junho;2024
351;03/06/2024;Despesa;Dinheiro das férias para controle;Poupado / Investimento;Essencial;À Vista;Débito Nubank;;OK;485,57;-;Junho;2024
352;03/06/2024;Despesa;Bolão Quina de São João;Gastos Extras / Diversos;Extra;À Vista;Pix;;OK;30;Pix para Jeferson Moro (Jé);Junho;2024
353;04/06/2024;Despesa;Enviado para o BTG;Poupado / Investimento;Essencial;À Vista;Transf. BTG;;OK;1000;Ted para BTG;Junho;2024
354;05/06/2024;Despesa;Inscrição Corrida Usp Ribeirão;Gastos Gerais Corrida;Extra;À Vista;Boleto;;OK;80;-;Junho;2024
355;07/06/2024;Despesa;Janta sexta - Dom Cabral;Bar / Restaurante / Churrasco;Extra;À Vista;Débito Nubank;;OK;149,9;-;Junho;2024
356;08/06/2024;Despesa;Salgar - Sábado;Bar / Restaurante / Churrasco;Extra;À Vista;Débito Nubank;;OK;152;-;Junho;2024
357;08/06/2024;Despesa;Açaí - Ifood;Bar / Restaurante / Churrasco;Extra;À Vista;Débito Nubank;;OK;19,99;-;Junho;2024
358;09/06/2024;Despesa;Gatorade pós corrida;Gastos Gerais Corrida;Extra;À Vista;Débito Nubank;;OK;9;-;Junho;2024
359;14/06/2024;Despesa;Comida Festa Junina;Bar / Restaurante / Churrasco;Extra;À Vista;Débito Nubank;;OK;22;-;Junho;2024
360;14/06/2024;Despesa;Comida Festa Junina;Bar / Restaurante / Churrasco;Extra;À Vista;Pix;;OK;7;Pix para Diocese;Junho;2024
361;15/06/2024;Despesa;Presente Joyce;Gastos Extras / Diversos;Extra;À Vista;Débito Nubank;;OK;166;-;Junho;2024
362;16/06/2024;Despesa;Abrapec;Gastos Extras / Diversos;Extra;À Vista;Pix;;OK;20;Pix para Abrapec;Junho;2024
363;16/06/2024;Despesa;Bar do Nelson - Niver Joyce;Bar / Restaurante / Churrasco;Extra;À Vista;Débito Nubank;;OK;135,96;-;Junho;2024
364;16/06/2024;Despesa;Sorvete - Bacio di Latte;Bar / Restaurante / Churrasco;Extra;À Vista;Débito Nubank;;OK;23,95;-;Junho;2024
365;20/06/2024;Despesa;Combustível Sertãozinho;Transporte;Extra;À Vista;Débito Nubank;;OK;60;-;Junho;2024
366;21/06/2024;Despesa;Água com Gás (Salgadinho);Gastos Extras / Diversos;Extra;À Vista;Débito Nubank;;OK;3,5;-;Junho;2024
367;21/06/2024;Despesa;Vivo Controle;Contas Fixas;Essencial;À Vista;Débito Santander;;OK;88;-;Junho;2024
368;21/06/2024;Despesa;Lanche Ifood Sexta Feira;Bar / Restaurante / Churrasco;Extra;À Vista;Débito Nubank;;OK;48,99;-;Junho;2024
369;22/06/2024;Despesa;Bar do Sapão;Bar / Restaurante / Churrasco;Extra;À Vista;Débito Nubank;;OK;126;-;Junho;2024
370;22/06/2024;Despesa;Musteak - Jantar Sábado ;Bar / Restaurante / Churrasco;Extra;À Vista;Débito Nubank;;OK;94,87;-;Junho;2024
371;23/06/2024;Despesa;Gatorade pós corrida;Gastos Gerais Corrida;Extra;À Vista;Débito Nubank;;OK;9;-;Junho;2024
372;23/06/2024;Despesa;Brookes pós churrasco;Bar / Restaurante / Churrasco;Extra;À Vista;Débito Nubank;;OK;29,5;-;Junho;2024
373;25/06/2024;Despesa;Compra idiota;Gastos Extras / Diversos;Extra;À Vista;Débito Nubank;;OK;20;-;Junho;2024
374;29/06/2024;Despesa;Veterinária Granola;Saúde;Essencial;À Vista;Pix;;OK;80;Pix para Carla Veterinária;Junho;2024
375;29/06/2024;Despesa;Corte de Cabelo;Cuidados Pessoais;Essencial;À Vista;Pix;;OK;50;Pix para Daniel;Junho;2024
376;01/07/2024;Receita;Salário;Entrada;;;;;OK;5209,59;-;Julho;2024
377;01/07/2024;Sobra;Sobra Junho 2024;Entrada;;;;;OK;3,89;-;Julho;2024
378;01/06/2024;Receita;Dinheiro Cartão Cred Santander;Entrada;;;;;OK;306,51;-;Julho;2024
379;01/07/2024;Receita;Pix Léo;Entrada;;;;;OK;50;-;Julho;2024
380;01/07/2024;Receita;Sobra Dinheiro Edna Junho;Entrada;;;;;OK;263,05;-;Julho;2024
381;10/07/2024;Receita;PPR;Entrada;;;;;OK;3979,68;-;Julho;2024
382;15/07/2024;Receita;Pix Joyce Comida;Entrada;;;;;OK;100;-;Julho;2024
383;30/05/2024;Despesa;Perfume Sauvage;Cuidados Pessoais;Não Essencial;Parcelado;Crédito Nubank;7 de 10;OK;70,5;Parcela 7/10 - Pago dia 02/07/2024;Julho;2024
384;07/02/2024;Despesa;Suplementos Growth;Cuidados Pessoais;Não Essencial;Parcelado;Crédito Santander;4 de 6;OK;56,51;Parcela 4/6 - Pago dia 01/07/2024;Julho;2024
385;30/05/2024;Despesa;Decatlhon Natação;Gastos Gerais Corrida;Não Essencial;Parcelado;Crédito Nubank;4 de4;OK;62,49;Parcela 4/4 - Pago dia 02/07/2024;Julho;2024
386;30/05/2024;Despesa;Cuecas Mercado Livre;Roupas e Calçados;Não Essencial;Parcelado;Crédito Nubank;3 de 4;OK;31,22;Parcela 3/4 - Pago dia 02/07/2024;Julho;2024
387;30/05/2024;Despesa;Pacote Premiere;Entretenimento;Essencial;Parcelado;Crédito Nubank;3 de 12;OK;29,9;Parcela 3/12 - Pago dia 02/07/2024;Julho;2024
388;30/05/2024;Despesa;Compra Amazon - mouse barbeador;Cuidados Pessoais;Extra;Parcelado;Crédito Nubank;2 de 2;OK;59,38;Parcela 2/2 - Pago dia 02/07/2024;Julho;2024
389;30/05/2024;Despesa;Revisão Carro - Buiu;Transporte;Essencial;Parcelado;Crédito Nubank;2 de 3;OK;89,33;Parcela 2/3 - Pago dia 02/07/2024;Julho;2024
390;01/06/2024;Despesa; Gordinho Lanche;Bar / Restaurante / Churrasco;Extra;À Vista;Crédito Nubank;;OK;40;Pago dia 02/07/2024;Julho;2024
391;03/06/2024;Despesa;Inscrição SP City 2024;Gastos Gerais Corrida;Não Essencial;Parcelado;Crédito Nubank;1 de 3;OK;107,65;Parcela 1/3 - Pago dia 02/07/2024;Julho;2024
392;04/06/2024;Despesa;Amazon Prime;Entretenimento;Essencial;À Vista;Crédito Nubank;;OK;19,9;Pago dia 02/07/2024;Julho;2024
393;09/05/2024;Despesa;Sem Parar;Transporte;Extra;À Vista;Crédito Santander;;OK;50;Pago dia 01/07/2024;Julho;2024
394;27/05/2024;Despesa;Sem Parar;Transporte;Extra;À Vista;Crédito Santander;;OK;50;Pago dia 01/07/2024;Julho;2024
395;27/05/2024;Despesa;Sem Parar;Transporte;Extra;À Vista;Crédito Santander;;OK;50;Pago dia 01/07/2024;Julho;2024
396;27/05/2024;Despesa;Sem Parar;Transporte;Extra;À Vista;Crédito Santander;;OK;50;Pago dia 01/07/2024;Julho;2024
397;28/05/2024;Despesa;Sem Parar;Transporte;Extra;À Vista;Crédito Santander;;OK;50;Pago dia 01/07/2024;Julho;2024
398;12/06/2024;Despesa;HBO Max;Entretenimento;Essencial;À Vista;Crédito Nubank;;OK;29,66;Pago dia 02/07/2024;Julho;2024
399;14/06/2024;Despesa;CarboGel - Amazon;Gastos Gerais Corrida;Extra;À Vista;Crédito Nubank;;OK;52,24;Pago dia 02/07/2024;Julho;2024
400;15/06/2024;Despesa;Suplemento Cardiofísico;Gastos Gerais Corrida;Extra;À Vista;Crédito Nubank;;OK;19,4;Pago dia 02/07/2024;Julho;2024
401;15/06/2024;Despesa;Savegnago para Risotto - Sábado;Gastos Extras / Diversos;Extra;À Vista;Crédito Nubank;;OK;99,71;Pago dia 02/07/2024;Julho;2024
402;16/06/2024;Despesa;Boné Decatlhon;Gastos Gerais Corrida;Extra;À Vista;Crédito Nubank;;OK;49,99;Pago dia 02/07/2024;Julho;2024
403;17/06/2024;Despesa;Sem Parar;Transporte;Extra;À Vista;Crédito Santander;;OK;50;Pago dia 01/07/2024;Julho;2024
404;18/06/2024;Despesa;Ingresso Sorriso Maroto;Bar / Restaurante / Churrasco;Extra;Parcelado;Crédito Nubank;1 de 4;OK;51,63;Parcela 1/4 - Pago dia 02/07/2024;Julho;2024
405;21/06/2024;Despesa;Google Storage;Entretenimento;Extra;À Vista;Crédito Nubank;;OK;7,99;Pago dia 02/07/2024;Julho;2024
406;21/06/2024;Despesa;Sem Parar;Transporte;Extra;À Vista;Crédito Santander;;OK;50;Pago dia 01/07/2024;Julho;2024
407;24/06/2024;Despesa;Spotify;Entretenimento;Essencial;À Vista;Crédito Nubank;;OK;27,9;Pago dia 02/07/2024;Julho;2024
408;02/07/2024;Despesa;Parcelamento Dente;Reposição Reserva;Essencial;Parcelado;Transf. BTG;3 de 8;OK;175;3/8 - Reposição dinheiro resgatado;Julho;2024
409;02/07/2024;Despesa;Consulta e Remédios Granola;Reposição Reserva;Essencial;Parcelado;Transf. BTG;2 de 7;OK;78;2/7 - Reposição dinheiro resgatado;Julho;2024
410;02/07/2024;Despesa;Licenciamento 2024;Reposição Reserva;Essencial;Parcelado;Transf. BTG;1 de 3;OK;100;1/3 - Reposição dinheiro resgatado;Julho;2024
411;01/07/2024;Despesa;Jantar Sábado - Tiago Marchiori;Bar / Restaurante / Churrasco;Extra;À Vista;Débito Santander;;OK;132,9;-;Julho;2024
412;02/07/2024;Despesa;Pizza Sexta Feira - Joyce;Bar / Restaurante / Churrasco;Extra;À Vista;Pix;;OK;80;Pix para Joyce;Julho;2024
413;02/07/2024;Despesa;Mensalidade Corregiz;Gastos Gerais Corrida;Essencial;À Vista;Pix;;OK;90;Pix para Victor Giz;Julho;2024
414;02/07/2024;Despesa;Fies;Contas Fixas;Essencial;À Vista;Boleto;;OK;208,19;-;Julho;2024
415;02/07/2024;Despesa;Mensalidade Saúde Total;Cuidados Pessoais;Essencial;À Vista;Pix;;OK;135;Pix para Saúde Total;Julho;2024
416;02/07/2024;Despesa;Ração Cachorras (3/3);Gastos Extras / Diversos;Essencial;À Vista;Pix;;OK;78,5;Pix para Edna;Julho;2024
417;02/07/2024;Despesa;Reforma Igreja;Contas Fixas;Essencial;À Vista;Pix;;OK;30;Pix para Edna;Julho;2024
418;02/07/2024;Despesa;Enviado para o BTG;Poupado / Investimento;Essencial;À Vista;Transf. BTG;;OK;1670;Ted para BTG;Julho;2024
419;03/07/2024;Despesa;Ketchup Amazon;Gastos Extras / Diversos;Não Essencial;À Vista;Débito Nubank;;OK;12,02;Pagamento Cartão de Crédito;Julho;2024
420;03/07/2024;Despesa;Marmita Usina;Gastos Extras / Diversos;Extra;À Vista;Pix;;OK;17;Pix para Carol;Julho;2024
421;05/07/2024;Despesa;Cerveja Savegnago;Gastos Extras / Diversos;Extra;À Vista;Débito Nubank;;OK;41,88;-;Julho;2024
422;05/07/2024;Despesa;Pizza N°1 - Sexta Feira;Bar / Restaurante / Churrasco;Extra;À Vista;Débito Nubank;;OK;69;-;Julho;2024
423;06/07/2024;Despesa;Jantar Sábado - Dom Cabral;Bar / Restaurante / Churrasco;Extra;À Vista;Débito Nubank;;OK;182,31;-;Julho;2024
424;07/07/2024;Despesa;Gatorade pós Corrida;Gastos Gerais Corrida;Extra;À Vista;Débito Nubank;;OK;13;-;Julho;2024
425;08/07/2024;Despesa;Sapão Segunda Feira;Bar / Restaurante / Churrasco;Extra;À Vista;Débito Nubank;;OK;80;-;Julho;2024
426;10/07/2024;Despesa;Up Sushi - Ifood;Bar / Restaurante / Churrasco;Extra;À Vista;Débito Nubank;;OK;55,97;-;Julho;2024
427;11/07/2024;Despesa;Adiantamento parcela Baw;Roupas e Calçados;Não Essencial;À Vista;Débito Nubank;;OK;72,2;-;Julho;2024
428;12/07/2024;Despesa;Combustível Sertãzinho;Transporte;Extra;À Vista;Débito Nubank;;OK;50,1;-;Julho;2024
429;14/07/2024;Despesa;Quitute Domingo;Bar / Restaurante / Churrasco;Extra;À Vista;Débito Nubank;;OK;24;-;Julho;2024
430;14/07/2024;Despesa;Quitute Domingo;Bar / Restaurante / Churrasco;Extra;À Vista;Débito Nubank;;OK;32;-;Julho;2024
431;14/07/2024;Despesa;Quitute Domingo;Bar / Restaurante / Churrasco;Extra;À Vista;Débito Nubank;;OK;12;-;Julho;2024
432;14/07/2024;Despesa;Quitute Domingo;Bar / Restaurante / Churrasco;Extra;À Vista;Débito Nubank;;OK;32;-;Julho;2024
433;14/07/2024;Despesa;Quitute Domingo;Bar / Restaurante / Churrasco;Extra;À Vista;Débito Nubank;;OK;24;-;Julho;2024
434;15/07/2024;Despesa;Comida Japonesa ;Bar / Restaurante / Churrasco;Extra;À Vista;Pix;;OK;130,97;Pix para UP Sushi;Julho;2024
435;15/07/2024;Despesa;Estacionamento Quitute;Transporte;Extra;À Vista;Pix;;OK;20;Pix para Everaldo;Julho;2024
436;15/07/2024;Despesa;Quitute Domingo (Bolinho);Bar / Restaurante / Churrasco;Extra;À Vista;Pix;;OK;25;Pix para Ligeiro;Julho;2024
437;15/07/2024;Despesa;Quitute Domingo;Bar / Restaurante / Churrasco;Extra;À Vista;Débito Nubank;;OK;32;-;Julho;2024
438;16/07/2024;Despesa;Gordinho Lanches;Bar / Restaurante / Churrasco;Extra;À Vista;Débito Nubank;;OK;95;-;Julho;2024
439;16/07/2024;Despesa;Combustível São Paulo;Transporte;Não Essencial;À Vista;Débito Santander;;OK;98,69;-;Julho;2024
440;17/07/2024;Despesa;Combustível São Paulo;Transporte;Não Essencial;À Vista;Débito Santander;;OK;106,61;-;Julho;2024
441;17/07/2024;Despesa;Festa Junina Corregiz;Bar / Restaurante / Churrasco;Extra;À Vista;Pix;;OK;45;Pix para Victor Giz;Julho;2024
442;17/07/2024;Despesa;Lanche no Aeroporto;Bar / Restaurante / Churrasco;Extra;À Vista;Pix;;OK;84,5;Pix para BK;Julho;2024
443;18/07/2024;Despesa;Comida no Graal;Bar / Restaurante / Churrasco;Extra;À Vista;Débito Nubank;;OK;39,8;-;Julho;2024
444;18/07/2024;Despesa;Fotos Corrida;Gastos Gerais Corrida;Extra;À Vista;Pix;;OK;25,8;Pix para FocoRadical;Julho;2024
445;21/07/2024;Despesa;Gatorade pós Corrida;Gastos Gerais Corrida;Extra;À Vista;Débito Nubank;;OK;9;-;Julho;2024
446;18/07/2024;Despesa;Calças EUA;Roupas e Calçados;Essencial;À Vista;Pix;;OK;251;Pix para Guilherme;Julho;2024
447;22/07/2024;Despesa;Vivo Controle;Contas Fixas;Essencial;À Vista;Débito Santander;;OK;88;-;Julho;2024
448;22/07/2024;Despesa;Enviado para o BTG;Poupado / Investimento;Essencial;À Vista;Transf. BTG;;OK;3000;Ted para BTG;Julho;2024
449;22/07/2024;Despesa;Riomar Segunda Feira;Bar / Restaurante / Churrasco;Extra;À Vista;Débito Nubank;;OK;123,09;-;Julho;2024
450;23/07/2024;Despesa;Retorno Nutricionista;Saúde;Essencial;À Vista;Pix;;OK;100;Pix para Hianka;Julho;2024
451;25/07/2024;Despesa;Presente Juliana;Gastos Extras / Diversos;Não Essencial;À Vista;Débito Nubank;;OK;89,9;-;Julho;2024
452;25/07/2024;Despesa;Café da Tarde com Isadora;Bar / Restaurante / Churrasco;Extra;À Vista;Débito Nubank;;OK;58,8;-;Julho;2024
453;25/07/2024;Despesa;Sacola Manu;Gastos Extras / Diversos;Não Essencial;À Vista;Pix;;OK;39,9;Pix para Manú;Julho;2024
454;26/07/2024;Despesa;Ônibus para São Paulo;Viagens;Não Essencial;À Vista;Pix;;OK;185;Pix para Victor Giz;Julho;2024
455;27/07/2024;Despesa;Água Posto Graal;Viagens;Extra;À Vista;Débito Nubank;;OK;7,5;-;Julho;2024
456;27/07/2024;Despesa;Salgado Padaria do lado do Ibis;Viagens;Extra;À Vista;Débito Nubank;;OK;26,3;-;Julho;2024
457;27/07/2024;Despesa;Hotel Ibis - Diária;Viagens;Não Essencial;À Vista;Débito Nubank;;OK;115,5;-;Julho;2024
458;27/07/2024;Despesa;Almoço Poke ;Viagens;Extra;À Vista;Débito Nubank;;OK;45,4;-;Julho;2024
459;27/07/2024;Despesa;Almoço KFC;Viagens;Extra;À Vista;Débito Nubank;;OK;23,9;-;Julho;2024
460;27/07/2024;Despesa;Água e chocolate - Oxxo;Viagens;Extra;À Vista;Débito Nubank;;OK;18,99;-;Julho;2024
461;27/07/2024;Despesa;Jantar Sábado - Famiglia Mancini;Viagens;Extra;À Vista;Débito Nubank;;OK;141,26;-;Julho;2024
462;28/07/2024;Despesa;Café da Manhã - Bella Paulista;Viagens;Extra;À Vista;Débito Nubank;;OK;50;-;Julho;2024
463;28/07/2024;Despesa;Almoço Domingo - Frango Assado;Viagens;Extra;À Vista;Débito Nubank;;OK;41,7;-;Julho;2024
464;30/07/2024;Despesa;Teste maquininha MamãeCresci;Gastos Extras / Diversos;Extra;À Vista;Débito Nubank;;OK;2;-;Julho;2024
465;01/08/2024;Receita;Salário;Entrada;;;;;OK;3230,23;-;Agosto;2024
466;01/08/2024;Sobra;Sobra Julho 2024;Entrada;;;;;OK;43,46;-;Agosto;2024
467;15/07/2024;Receita;Férias;Entrada;;;;;OK;2841,3;-;Agosto;2024
468;31/07/2024;Receita;Restituição IRPF;Entrada;;;;;OK;366,09;-;Agosto;2024
469;01/08/2024;Receita;Pix Leo;Entrada;;;;;OK;14;-;Agosto;2024
470;02/08/2024;Receita;Pix Dani Veiga;Entrada;;;;;OK;45;-;Agosto;2024
471;04/08/2024;Receita;Pix Edna;Entrada;;;;;OK;90;-;Agosto;2024
472;29/06/2024;Despesa;Perfume Sauvage;Cuidados Pessoais;Não Essencial;Parcelado;Crédito Nubank;8 de 10;OK;70,5;Parcela 8/10 - Pago dia 01/08/2024;Agosto;2024
473;07/02/2024;Despesa;Suplementos Growth;Cuidados Pessoais;Não Essencial;Parcelado;Crédito Santander;5 de 6;OK;56,53;Parcela 5/6 - Pago dia 01/08/2024;Agosto;2024
474;29/06/2024;Despesa;Cuecas Mercado Livre;Roupas e Calçados;Não Essencial;Parcelado;Crédito Nubank;4 de 4;OK;31,22;Parcela 4/4 - Pago dia 01/08/2024;Agosto;2024
475;29/06/2024;Despesa;Pacote Premiere;Entretenimento;Essencial;Parcelado;Crédito Nubank;4 de 12;OK;29,9;Parcela 4/12 - Pago dia 01/08/2024;Agosto;2024
476;29/06/2024;Despesa;Revisão Carro - Buiu;Transporte;Essencial;Parcelado;Crédito Nubank;3 de 3;OK;89,33;Parcela 3/3 - Pago dia 01/08/2024;Agosto;2024
477;29/06/2024;Despesa;Inscrição SP City 2024;Gastos Gerais Corrida;Não Essencial;Parcelado;Crédito Nubank;2 de 3;OK;107,64;Parcela 2/3 - Pago dia 01/08/2024;Agosto;2024
478;29/06/2024;Despesa;Ingresso Sorriso Maroto;Bar / Restaurante / Churrasco;Extra;Parcelado;Crédito Nubank;2 de 4;OK;51,62;Parcela 2/4 - Pago dia 01/08/2024;Agosto;2024
479;30/06/2024;Despesa;Combustível Sábado;Transporte;Extra;À Vista;Crédito Nubank;;OK;20;Pago dia 01/08/2024;Agosto;2024
480;30/06/2024;Despesa;Supermercado Nova - Sábado;Gastos Extras / Diversos;Não Essencial;À Vista;Crédito Nubank;;OK;263,68;Pago dia 01/08/2024;Agosto;2024
481;02/07/2024;Despesa;Combustível Sertãozinho - Segunda;Transporte;Extra;À Vista;Crédito Nubank;;OK;60;Pago dia 01/08/2024;Agosto;2024
482;02/07/2024;Despesa;Tênis Vans;Roupas e Calçados;Não Essencial;À Vista;Crédito Nubank;;OK;254,89;Pago dia 01/08/2024;Agosto;2024
483;04/07/2024;Despesa;Amazon Prime;Entretenimento;Essencial;À Vista;Crédito Nubank;;OK;19,9;Pago dia 01/08/2024;Agosto;2024
484;11/07/2024;Despesa;Viagem para BH;Viagens;Não Essencial;Parcelado;Crédito Nubank;1 de 10;OK;49,71;Parcela 1/10 - Pago dia 01/08/2024;Agosto;2024
485;11/07/2024;Despesa;Camisas Baw;Roupas e Calçados;Não Essencial;Parcelado;Crédito Nubank;1 de 10;OK;0;Parcela 1/10 - Pago dia 11/07/2024;Agosto;2024
486;11/07/2024;Despesa;HBO Max;Entretenimento;Essencial;À Vista;Crédito Nubank;;OK;29,64;Pago dia 01/08/2024;Agosto;2024
487;12/07/2024;Despesa;Sem Parar;Transporte;Extra;À Vista;Crédito Santander;;OK;50;Pago dia 01/08/2024;Agosto;2024
488;17/07/2024;Despesa;Sem Parar;Transporte;Extra;À Vista;Crédito Santander;;OK;50;Pago dia 01/08/2024;Agosto;2024
489;18/07/2024;Despesa;Sem Parar;Transporte;Extra;À Vista;Crédito Santander;;OK;50;Pago dia 01/08/2024;Agosto;2024
490;18/07/2024;Despesa;Sem Parar;Transporte;Extra;À Vista;Crédito Santander;;OK;50;Pago dia 01/08/2024;Agosto;2024
491;18/07/2024;Despesa;Sem Parar;Transporte;Extra;À Vista;Crédito Santander;;OK;50;Pago dia 01/08/2024;Agosto;2024
492;21/07/2024;Despesa;Google Storage;Entretenimento;Extra;À Vista;Crédito Nubank;;OK;7,99;Pago dia 01/08/2024;Agosto;2024
493;22/07/2024;Despesa;Anuidade Sam's Clube;Gastos Extras / Diversos;Extra;À Vista;Crédito Nubank;;OK;75;Pago dia 01/08/2024;Agosto;2024
494;24/07/2024;Despesa;Spotify;Entretenimento;Essencial;À Vista;Crédito Nubank;;OK;27,9;Pago dia 01/08/2024;Agosto;2024
495;27/07/2024;Despesa;Uber para Restaurante Sábado;Viagens;Extra;À Vista;Crédito Nubank;;OK;8,08;Pago dia 01/08/2024;Agosto;2024
496;27/07/2024;Despesa;Uber para Hotel Sábado;Viagens;Extra;À Vista;Crédito Nubank;;OK;8,01;Pago dia 01/08/2024;Agosto;2024
497;28/07/2024;Despesa;Uber para Padaria pós Corrida;Viagens;Extra;À Vista;Crédito Nubank;;OK;75,97;Pago dia 01/08/2024;Agosto;2024
498;28/07/2024;Despesa;Uber para Hotel Domingo;Viagens;Extra;À Vista;Crédito Nubank;;OK;14,53;Pago dia 01/08/2024;Agosto;2024
499;30/07/2024;Despesa;Hostel para BH;Viagens;Não Essencial;À Vista;Pix;;OK;105;Pix para Da Orla Hostel;Agosto;2024
500;01/08/2024;Despesa;Parcelamento Dente;Reposição Reserva;Essencial;Parcelado;Transf. BTG;4 de 8;OK;175;4/8 - Reposição dinheiro resgatado;Agosto;2024
501;01/08/2024;Despesa;Consulta e Remédios Granola;Reposição Reserva;Essencial;Parcelado;Transf. BTG;3 de 7;OK;78;3/7 - Reposição dinheiro resgatado;Agosto;2024
502;01/08/2024;Despesa;Licenciamento 2024;Reposição Reserva;Essencial;Parcelado;Transf. BTG;2 de 3;OK;100;2/3 - Reposição dinheiro resgatado;Agosto;2024
503;01/08/2024;Despesa;Camisetas Palmeiras;Reposição Reserva;Essencial;Parcelado;Transf. BTG;1 de 5;OK;48;1/5 - Reposição dinheiro resgatado;Agosto;2024
504;01/08/2024;Despesa;Mensalidade Corregiz;Gastos Gerais Corrida;Essencial;À Vista;Pix;;OK;90;Pix para Victor Giz;Agosto;2024
505;01/08/2024;Despesa;Fies;Contas Fixas;Essencial;À Vista;Boleto;;OK;208,19;-;Agosto;2024
506;01/08/2024;Despesa;Mensalidade Saúde Total;Cuidados Pessoais;Essencial;À Vista;Pix;;OK;135;Pix para Saúde Total;Agosto;2024
507;01/08/2024;Despesa;Reforma Igreja;Contas Fixas;Essencial;À Vista;Pix;;OK;30;Pix para Edna;Agosto;2024
508;02/07/2024;Despesa;Enviado para o BTG;Poupado / Investimento;Essencial;À Vista;Transf. BTG;;OK;2300;Ted para BTG;Agosto;2024
509;02/08/2024;Despesa;Combustível para Sertãozinho;Transporte;Extra;À Vista;Débito Nubank;;OK;60;-;Agosto;2024
510;03/08/2024;Despesa;Jantar Sábado Aretusa;Bar / Restaurante / Churrasco;Extra;À Vista;Débito Nubank;;OK;161,83;-;Agosto;2024
511;04/08/2024;Despesa;Gatorade pós Corrida;Gastos Gerais Corrida;Extra;À Vista;Débito Nubank;;OK;9;-;Agosto;2024
512;04/08/2024;Despesa;Gordinho Lanche - Domingo;Bar / Restaurante / Churrasco;Extra;À Vista;Débito Nubank;;OK;91;-;Agosto;2024
513;05/08/2024;Despesa;Juros Santander;Gastos Extras / Diversos;Extra;À Vista;Pix;;OK;2;Pix para Santander - Luis;Agosto;2024
514;08/08/2024;Despesa;Beliscão Bar da Mari;Gastos Extras / Diversos;Extra;À Vista;Pix;;OK;20;Pix para Deivid;Agosto;2024
515;08/08/2024;Despesa;Bar da Mari - Quinta feira;Bar / Restaurante / Churrasco;Extra;À Vista;Débito Nubank;;OK;90;-;Agosto;2024
516;09/08/2024;Despesa;Taxa Camisetas Palmeiras;Roupas e Calçados;Extra;À Vista;Pix;;OK;32,4;Pix para Ligeiro;Agosto;2024
517;10/08/2024;Despesa;Quermesse São Roque;Bar / Restaurante / Churrasco;Extra;À Vista;Débito Nubank;;OK;133;-;Agosto;2024
518;10/08/2024;Despesa;Quermesse São Roque;Bar / Restaurante / Churrasco;Extra;À Vista;Débito Nubank;;OK;39;-;Agosto;2024
519;10/08/2024;Despesa;Quermesse São Roque;Bar / Restaurante / Churrasco;Extra;À Vista;Débito Nubank;;OK;3;-;Agosto;2024
520;10/08/2024;Despesa;Caixa Bold;Gastos Extras / Diversos;Extra;À Vista;Pix;;OK;64,51;Pix para bold;Agosto;2024
521;17/08/2024;Despesa;Casa Dodo - Sexta Feira;Bar / Restaurante / Churrasco;Extra;À Vista;Débito Nubank;;OK;222,2;-;Agosto;2024
522;17/08/2024;Despesa;Ração Cachorras;Reposição Reserva;Essencial;Parcelado;Débito Nubank;1 de 4;OK;67,5;1/4 - Reposição dinheiro resgatado;Agosto;2024
523;17/08/2024;Despesa;Energético para Show;Bar / Restaurante / Churrasco;Extra;À Vista;Débito Nubank;;OK;102,89;-;Agosto;2024
524;19/08/2024;Despesa;Viagem para Ribeirão;Transporte;Extra;À Vista;Pix;;OK;35;Pix para Juliana;Agosto;2024
525;21/08/2024;Despesa;Vivo Controle;Contas Fixas;Essencial;À Vista;Débito Santander;;OK;95;-;Agosto;2024
526;21/08/2024;Despesa;Abrapec;Gastos Extras / Diversos;Não Essencial;À Vista;Pix;;OK;20;Pix para Abrapec;Agosto;2024
527;22/08/2024;Despesa;Água na Havan;Bar / Restaurante / Churrasco;Extra;À Vista;Débito Nubank;;OK;15;-;Agosto;2024
528;22/08/2024;Despesa;Comida Japa - Daiko Ron;Bar / Restaurante / Churrasco;Extra;À Vista;Pix;;OK;54,9;Pix para Daiko;Agosto;2024
529;23/08/2024;Despesa;Bar da Mari - Quinta feira;Bar / Restaurante / Churrasco;Extra;À Vista;Débito Nubank;;OK;54;-;Agosto;2024
530;24/08/2024;Despesa;Retorno Nutricionista;Saúde;Essencial;À Vista;Pix;;OK;100;Pix para Hianka;Agosto;2024
531;24/08/2024;Despesa;Jantar Sábado Garcia;Bar / Restaurante / Churrasco;Extra;À Vista;Débito Nubank;;OK;76,5;-;Agosto;2024
532;25/08/2024;Despesa;Açaí Domingo;Bar / Restaurante / Churrasco;Extra;À Vista;Débito Nubank;;OK;54,98;-;Agosto;2024
533;29/08/2024;Despesa;Combustível para Sertãozinho;Transporte;Extra;À Vista;Débito Nubank;;OK;60;-;Agosto;2024
534;31/08/2024;Despesa;Janta na Juliana;Bar / Restaurante / Churrasco;Extra;À Vista;Pix;;OK;40;Pix para Juliana;Agosto;2024
535;01/09/2024;Receita;Salário;Entrada;;;;;OK;4956,65;-;Setembro;2024
536;01/09/2024;Sobra;Sobra Agosto 2024;Entrada;;;;;OK;55,82;-;Setembro;2024
537;31/08/2024;Receita;Pix Leo;Entrada;;;;;OK;14;-;Setembro;2024
538;19/09/2024;Receita;Dinheiro Separado Nubank;Entrada;;;;;OK;65;-;Setembro;2024
539;30/07/2024;Despesa;Perfume Sauvage;Cuidados Pessoais;Não Essencial;Parcelado;Crédito Nubank;9 de 10;OK;70,5;Parcela 9/10 - Pago dia 02/09/2024;Setembro;2024
540;30/07/2024;Despesa;Pacote Premiere;Entretenimento;Essencial;Parcelado;Crédito Nubank;5 de 12;OK;29,9;Parcela 5/12 - Pago dia 02/09/2024;Setembro;2024
541;30/07/2024;Despesa;Inscrição SP City 2024;Gastos Gerais Corrida;Não Essencial;Parcelado;Crédito Nubank;3 de 3;OK;107,64;Parcela 3/3 - Pago dia 02/09/2024;Setembro;2024
542;07/02/2024;Despesa;Suplementos Growth;Cuidados Pessoais;Não Essencial;Parcelado;Crédito Santander;6 de 6;OK;56,51;Parcela 6/6 - Pago dia 01/09/2024;Setembro;2024
543;30/07/2024;Despesa;Ingresso Sorriso Maroto;Bar / Restaurante / Churrasco;Extra;Parcelado;Crédito Nubank;3 de 4;OK;51,62;Parcela 3/4 - Pago dia 02/09/2024;Setembro;2024
544;30/07/2024;Despesa;Viagem para BH;Viagens;Não Essencial;Parcelado;Crédito Nubank;2 de 10;OK;49,63;Parcela 2/10 - Pago dia 02/09/2024;Setembro;2024
545;30/07/2024;Despesa;Camisas Baw;Roupas e Calçados;Não Essencial;Parcelado;Crédito Nubank;2 de 10;OK;72,198;Parcela 2/10 - Pago dia 02/09/2024;Setembro;2024
546;28/07/2024;Despesa;Lanche Domingo pós Corrida (Almoço);Bar / Restaurante / Churrasco;Extra;À Vista;Crédito Santander;;OK;27,5;Pago dia 01/09/2024;Setembro;2024
547;30/07/2024;Despesa;Sem Parar;Transporte;Extra;À Vista;Crédito Santander;;OK;50;Pago dia 01/09/2024;Setembro;2024
548;04/08/2024;Despesa;Amazon Prime;Entretenimento;Essencial;À Vista;Crédito Nubank;;OK;19,9;Pago dia 02/09/2024;Setembro;2024
549;05/08/2024;Despesa;Inscrição Meia de Ribeirão;Gastos Gerais Corrida;Não Essencial;À Vista;Crédito Nubank;;OK;245,25;Pago dia 02/09/2024;Setembro;2024
550;08/08/2024;Despesa;Perfume CH ;Cuidados Pessoais;Essencial;Parcelado;Crédito Nubank;1 de 10;OK;46,2;Parcela 1/10 - Pago dia 02/09/2024;Setembro;2024
551;10/08/2024;Despesa;Canal Dente;Saúde;Essencial;Parcelado;Crédito Nubank;1 de 3;OK;393,34;Parcela 1/3 - Pago dia 02/09/2024;Setembro;2024
552;11/08/2024;Despesa;HBO Max;Entretenimento;Essencial;À Vista;Crédito Nubank;;OK;29,66;Pago dia 02/09/2024;Setembro;2024
553;18/08/2024;Despesa;Uber do Show para BK;Transporte;Essencial;À Vista;Crédito Nubank;;OK;48,95;Pago dia 02/09/2024;Setembro;2024
554;21/08/2024;Despesa;Google Storage;Entretenimento;Extra;À Vista;Crédito Nubank;;OK;7,99;Pago dia 02/09/2024;Setembro;2024
555;24/08/2024;Despesa;Spotify;Entretenimento;Essencial;À Vista;Crédito Nubank;;OK;27,9;Pago dia 02/09/2024;Setembro;2024
556;01/09/2024;Despesa;Gatorade pós Corrida;Gastos Gerais Corrida;Extra;À Vista;Débito Nubank;;OK;13,99;-;Setembro;2024
557;02/09/2024;Despesa;Parcelamento Dente;Reposição Reserva;Essencial;Parcelado;Débito Nubank;5 de 8;OK;175;5/8 - Reposição dinheiro resgatado;Setembro;2024
558;02/09/2024;Despesa;Consulta e Remédios Granola;Reposição Reserva;Essencial;Parcelado;Débito Nubank;4 de 7;OK;78;4/7 - Reposição dinheiro resgatado;Setembro;2024
559;02/09/2024;Despesa;Licenciamento 2024;Reposição Reserva;Essencial;Parcelado;Débito Nubank;3 de 3;OK;93;3/3 - Reposição dinheiro resgatado;Setembro;2024
560;02/09/2024;Despesa;Camisetas Palmeiras;Reposição Reserva;Essencial;Parcelado;Débito Nubank;2 de 5;OK;48;2/5 - Reposição dinheiro resgatado;Setembro;2024
561;02/09/2024;Despesa;Bebidas Show - Cartão Crédito BTG;Bar / Restaurante / Churrasco;Extra;À Vista;Débito Nubank;;OK;160;Enviado para BTG Conta Corrente;Setembro;2024
562;02/09/2024;Despesa;Mensalidade Corregiz;Gastos Gerais Corrida;Essencial;À Vista;Pix;;OK;90;Pix para Victor Giz;Setembro;2024
563;02/09/2024;Despesa;Fies;Contas Fixas;Essencial;À Vista;Boleto;;OK;208,19;-;Setembro;2024
564;02/09/2024;Despesa;Mensalidade Saúde Total;Cuidados Pessoais;Essencial;À Vista;Pix;;OK;135;Pix para Saúde Total;Setembro;2024
565;02/09/2024;Despesa;Reforma Igreja;Contas Fixas;Essencial;À Vista;Pix;;OK;30;Pix para Edna;Setembro;2024
566;02/09/2024;Despesa;Enviado para o BTG;Poupado / Investimento;Essencial;À Vista;Transf. BTG;;OK;1000;Ted para BTG;Setembro;2024
567;02/09/2024;Despesa;Bolão da Independência;Gastos Extras / Diversos;Extra;À Vista;Pix;;OK;21;Pix para Jeferson Moro;Setembro;2024
568;06/09/2024;Despesa;Savegnago - Open house Renata;Bar / Restaurante / Churrasco;Extra;À Vista;Débito Nubank;;OK;51,74;-;Setembro;2024
569;06/09/2024;Despesa;Pizza casa Renata;Bar / Restaurante / Churrasco;Extra;À Vista;Débito Nubank;;OK;36;-;Setembro;2024
570;07/09/2024;Despesa;Bebida para Aniversário João;Bar / Restaurante / Churrasco;Extra;À Vista;Débito Nubank;;OK;63,95;-;Setembro;2024
571;07/09/2024;Despesa;Janta sábado - Salgar;Bar / Restaurante / Churrasco;Extra;À Vista;Débito Nubank;;OK;71,33;-;Setembro;2024
572;07/09/2024;Despesa;Sorvete Mc Donald's;Bar / Restaurante / Churrasco;Extra;À Vista;Débito Nubank;;OK;53,99;-;Setembro;2024
573;08/09/2024;Despesa;Suco e Água de Coco - domingo;Gastos Extras / Diversos;Extra;À Vista;Débito Nubank;;OK;47;-;Setembro;2024
574;11/09/2024;Despesa;Inscrição Corrida DAN;Gastos Gerais Corrida;Não Essencial;À Vista;Pix;;OK;85;Pix para Luciene;Setembro;2024
575;11/09/2024;Despesa;Tampão Orelha;Gastos Extras / Diversos;Extra;À Vista;Pix;;OK;30,59;Pix Shopee;Setembro;2024
576;14/09/2024;Despesa;Gatorade pós Corrida - Posto Sewal;Gastos Gerais Corrida;Extra;À Vista;Débito Nubank;;OK;26,48;-;Setembro;2024
577;14/09/2024;Despesa;Pão Churrasco Sábado - Barbieri;Gastos Extras / Diversos;Extra;À Vista;Débito Nubank;;OK;17,56;-;Setembro;2024
578;14/09/2024;Despesa;Bebida rolê casa Ju;Bar / Restaurante / Churrasco;Extra;À Vista;Débito Nubank;;OK;14,95;-;Setembro;2024
579;15/09/2024;Despesa;Gatorade pós Corrida;Gastos Gerais Corrida;Extra;À Vista;Débito Nubank;;OK;9;-;Setembro;2024
580;17/09/2024;Despesa;Revisão Carro;Transporte;Não Essencial;À Vista;Pix;;OK;240;Pix para Edna - Balanga;Setembro;2024
581;17/09/2024;Despesa;Inscrição Corrida Savegnago;Gastos Gerais Corrida;Extra;À Vista;Pix;;OK;65;Pix para Corrida Savegnago;Setembro;2024
582;29/09/2024;Despesa;Combustível para Sertãozinho;Transporte;Extra;À Vista;Débito Nubank;;OK;60;-;Setembro;2024
583;20/09/2024;Despesa;Doces Magnun;Gastos Extras / Diversos;Extra;À Vista;Pix;;OK;17;Pix Roberta (Mulher Magnun);Setembro;2024
584;20/09/2024;Despesa;Hot Holls - Daiko Ron;Bar / Restaurante / Churrasco;Extra;À Vista;Pix;;OK;64,9;Pix para Daiko;Setembro;2024
585;21/09/2024;Despesa;Pizza Carina Comunidade;Gastos Extras / Diversos;Extra;À Vista;Pix;;OK;35;Pix para Carina;Setembro;2024
586;22/09/2024;Despesa;Combustível para Monte Alto;Transporte;Extra;À Vista;Débito Nubank;;OK;40;-;Setembro;2024
587;22/09/2024;Despesa;Doces Natália Comunidade;Bar / Restaurante / Churrasco;Extra;À Vista;Débito Nubank;;OK;78;-;Setembro;2024
588;23/09/2024;Despesa;Vivo Controle;Contas Fixas;Essencial;À Vista;Débito Santander;;OK;95,43;-;Setembro;2024
589;26/09/2024;Despesa;Abrapec;Gastos Extras / Diversos;Não Essencial;À Vista;Pix;;OK;15;Pix para Abrapec;Setembro;2024
590;26/09/2024;Despesa;Marmita Usina;Gastos Extras / Diversos;Extra;À Vista;Pix;;OK;17;Pix para Carol;Setembro;2024
591;27/09/2024;Despesa;Açaí Sexta feira a noite;Gastos Extras / Diversos;Extra;À Vista;Débito Nubank;;OK;49,99;-;Setembro;2024
592;28/09/2024;Despesa;Janta Sábado - Marchiori;Bar / Restaurante / Churrasco;Extra;À Vista;Pix;;OK;100;Pix para Edna;Setembro;2024
593;29/09/2024;Despesa;Savegnago - Cerveja Churrasco Feih;Bar / Restaurante / Churrasco;Extra;À Vista;Débito Nubank;;OK;100,36;-;Setembro;2024
594;29/09/2024;Despesa;Salgar Domingo a noite;Bar / Restaurante / Churrasco;Extra;À Vista;Débito Nubank;;OK;101;-;Setembro;2024
595;01/10/2024;Receita;Salário;Entrada;;;;;OK;4978,52;-;Outubro;2024
596;30/09/2024;Sobra;Sobra Setembro 2024;Entrada;;;;;OK;117,342;-;Outubro;2024
597;01/10/2024;Receita;Pix Leo + Renata;Entrada;;;;;OK;64;-;Outubro;2024
598;04/10/2024;Receita;Pix Eleição;Entrada;;;;;OK;60;-;Outubro;2024
599;08/10/2024;Receita;1/3 Férias ;Entrada;;;;;OK;495;-;Outubro;2024
600;30/08/2024;Despesa;Perfume Sauvage;Cuidados Pessoais;Não Essencial;Parcelado;Crédito Nubank;10 de 10;OK;70,5;Parcela 10/10 - Pago dia 01/10/2024;Outubro;2024
601;30/08/2024;Despesa;Pacote Premiere;Entretenimento;Essencial;Parcelado;Crédito Nubank;6 de 12;OK;29,9;Parcela 6/12 - Pago dia 01/10/2024;Outubro;2024
602;30/08/2024;Despesa;Ingresso Sorriso Maroto;Bar / Restaurante / Churrasco;Extra;Parcelado;Crédito Nubank;4 de 4;OK;51,62;Parcela 4/4 - Pago dia 01/10/2024;Outubro;2024
603;30/08/2024;Despesa;Viagem para BH;Viagens;Não Essencial;Parcelado;Crédito Nubank;3 de 10;OK;49,63;Parcela 3/10 - Pago dia 01/10/2024;Outubro;2024
604;30/08/2024;Despesa;Camisas Baw;Roupas e Calçados;Não Essencial;Parcelado;Crédito Nubank;3 de 10;OK;72,198;Parcela 3/10 - Pago dia 01/10/2024;Outubro;2024
605;30/08/2024;Despesa;Perfume CH ;Cuidados Pessoais;Essencial;Parcelado;Crédito Nubank;2 de 10;OK;46,2;Parcela 2/10 - Pago dia 01/10/2024;Outubro;2024
606;30/08/2024;Despesa;Canal Dente;Saúde;Essencial;Parcelado;Crédito Nubank;2 de 3;OK;393,33;Parcela 2/3 - Pago dia 01/10/2024;Outubro;2024
607;24/08/2024;Despesa;Energético para churrasco;Bar / Restaurante / Churrasco;Extra;À Vista;Crédito Santander;;OK;54,83;Pago dia 01/10/2024;Outubro;2024
608;30/08/2024;Despesa;Sem Parar;Transporte;Extra;À Vista;Crédito Santander;;OK;50;Pago dia 01/10/2024;Outubro;2024
609;01/09/2024;Despesa;Supermercado Nova;Bar / Restaurante / Churrasco;Extra;À Vista;Crédito Nubank;;OK;155,95;Pago dia 01/10/2024;Outubro;2024
610;04/09/2024;Despesa;Amazon Prime;Entretenimento;Essencial;À Vista;Crédito Nubank;;OK;19,9;Pago dia 01/10/2024;Outubro;2024
611;11/09/2024;Despesa;Amazon Prime - Canais;Entretenimento;Essencial;À Vista;Crédito Nubank;;OK;14,9;Pago dia 01/10/2024;Outubro;2024
612;11/09/2024;Despesa;HBO Max;Entretenimento;Essencial;À Vista;Crédito Nubank;;OK;29,66;Pago dia 01/10/2024;Outubro;2024
613;14/09/2024;Despesa;Ketchup Amazon;Gastos Extras / Diversos;Não Essencial;À Vista;Crédito Nubank;;OK;26,14;Pago dia 01/10/2024;Outubro;2024
614;17/09/2024;Despesa;Seguro Carro;Transporte;Essencial;Parcelado;Crédito Nubank;1 de 5;OK;308,79;Parcela 1/5 - Pago dia 01/10/2024;Outubro;2024
615;20/08/2024;Despesa;Sem Parar;Transporte;Extra;À Vista;Crédito Santander;;OK;50;Pago dia 01/10/2024;Outubro;2024
616;21/09/2024;Despesa;Google Storage;Entretenimento;Extra;À Vista;Crédito Nubank;;OK;7,99;Pago dia 01/10/2024;Outubro;2024
617;24/09/2024;Despesa;Spotify;Entretenimento;Essencial;À Vista;Crédito Nubank;;OK;27,9;Pago dia 01/10/2024;Outubro;2024
618;01/10/2024;Despesa;Parcelamento Dente;Reposição Reserva;Essencial;Parcelado;Débito Nubank;6 de 8;OK;175;6/8 - Reposição dinheiro resgatado;Outubro;2024
619;01/10/2024;Despesa;Consulta e Remédios Granola;Reposição Reserva;Essencial;Parcelado;Débito Nubank;5 de 7;OK;78;5/7 - Reposição dinheiro resgatado;Outubro;2024
620;01/10/2024;Despesa;Camisetas Palmeiras;Reposição Reserva;Essencial;Parcelado;Débito Nubank;3 de 5;OK;48;3/5 - Reposição dinheiro resgatado;Outubro;2024
621;01/10/2024;Despesa;Ração Cachorras;Reposição Reserva;Essencial;Parcelado;Débito Nubank;2 de 4;OK;67,5;2/4 - Reposição dinheiro resgatado;Outubro;2024
622;01/10/2024;Despesa;Fies;Contas Fixas;Essencial;À Vista;Boleto;;OK;208,19;-;Outubro;2024
623;01/10/2024;Despesa;Mensalidade Corregiz;Gastos Gerais Corrida;Essencial;À Vista;Pix;;OK;90;Pix para Victor Giz;Outubro;2024
624;01/10/2024;Despesa;Mensalidade Saúde Total;Cuidados Pessoais;Essencial;À Vista;Pix;;OK;135;Pix para Saúde Total;Outubro;2024
625;01/10/2024;Despesa;Reforma Igreja;Contas Fixas;Essencial;À Vista;Pix;;OK;30;Pix para Edna;Outubro;2024
626;01/10/2024;Despesa;Ração Cachorras;Gastos Extras / Diversos;Essencial;À Vista;Pix;;OK;100;Pix para Edna;Outubro;2024
627;01/10/2024;Despesa;Dente da Mãe;Saúde;Essencial;Parcelado;Pix;1 de 10;OK;125;Pix para Edna - Parcela 1/10;Outubro;2024
628;01/10/2024;Despesa;Banho Granola;Gastos Extras / Diversos;Extra;À Vista;Pix;;OK;60;Pix para Edna;Outubro;2024
629;01/10/2024;Despesa;Corta Vento;Gastos Gerais Corrida;Extra;À Vista;Pix;;OK;97;Pix para Victor Giz;Outubro;2024
630;01/10/2024;Despesa;Enviado para o BTG;Poupado / Investimento;Essencial;À Vista;Transf. BTG;;OK;1000;Ted para BTG;Outubro;2024
631;02/10/2024;Despesa;Gatorade pós corrida;Gastos Gerais Corrida;Extra;À Vista;Débito Nubank;;OK;7,99;-;Outubro;2024
632;02/10/2024;Despesa;Pão Posto Combustivel;Gastos Extras / Diversos;Extra;À Vista;Débito Nubank;;OK;5,76;-;Outubro;2024
633;04/10/2024;Despesa;Festa Unesp;Bar / Restaurante / Churrasco;Extra;À Vista;Pix;;OK;90;Pix para Pedro (Unesp);Outubro;2024
634;05/10/2024;Despesa;Lanche - Paulo Lanches;Bar / Restaurante / Churrasco;Extra;À Vista;Débito Nubank;;OK;29;-;Outubro;2024
635;05/10/2024;Despesa;Corte de Cabelo;Cuidados Pessoais;Essencial;À Vista;Pix;;OK;25;Pix para Talita (Corte de Cabelo);Outubro;2024
636;05/10/2024;Despesa;Bebida Sábado a noite - Anjos;Bar / Restaurante / Churrasco;Extra;À Vista;Débito Nubank;;OK;25,4;-;Outubro;2024
637;06/10/2024;Despesa;Pão de Queijo - Eleição;Gastos Extras / Diversos;Extra;À Vista;Débito Nubank;;OK;32,22;-;Outubro;2024
638;06/10/2024;Despesa;Combustível domingo Eleição;Transporte;Extra;À Vista;Débito Nubank;;OK;30;-;Outubro;2024
639;07/10/2024;Despesa;Pizza do Jantar de Sábado;Bar / Restaurante / Churrasco;Extra;À Vista;Pix;;OK;50;Pix para Edna;Outubro;2024
640;09/10/2024;Despesa;Retorno Nutricionista;Saúde;Essencial;À Vista;Pix;;OK;100;Pix para Hianka;Outubro;2024
641;10/10/2024;Despesa;Mensalidade Cardiofísico;Saúde;Extra;À Vista;Débito Nubank;;OK;147;-;Outubro;2024
642;10/10/2024;Despesa;Combsutível carro;Transporte;Extra;À Vista;Débito Nubank;;OK;20;-;Outubro;2024
643;10/10/2024;Despesa;Padaria - Café da Tarde;Gastos Extras / Diversos;Extra;À Vista;Débito Nubank;;OK;30,13;-;Outubro;2024
644;10/10/2024;Despesa;Van Corrida da Fé;Gastos Gerais Corrida;Extra;À Vista;Pix;;OK;55;Pix para Victor Giz;Outubro;2024
645;12/10/2024;Despesa;Cerveja Pagode;Gastos Extras / Diversos;Extra;À Vista;Débito Nubank;;OK;60;-;Outubro;2024
646;12/10/2024;Despesa;Paulo Lanches pós Pagode;Bar / Restaurante / Churrasco;Extra;À Vista;Débito Nubank;;OK;25;-;Outubro;2024
647;12/10/2024;Despesa;Musteak - Jantar Sábado;Bar / Restaurante / Churrasco;Extra;À Vista;Débito Nubank;;OK;180;-;Outubro;2024
648;13/10/2024;Despesa;Gatorade pós corrida;Gastos Gerais Corrida;Extra;À Vista;Débito Nubank;;OK;15,97;-;Outubro;2024
649;15/10/2024;Despesa;Padaria - Café da Manhã;Gastos Extras / Diversos;Extra;À Vista;Débito Nubank;;OK;7,05;-;Outubro;2024
650;15/10/2024;Despesa;Compra Savegnago;Gastos Extras / Diversos;Extra;À Vista;Débito Nubank;;OK;101,32;-;Outubro;2024
651;19/10/2024;Despesa;Café da Manhã - Barbieri;Bar / Restaurante / Churrasco;Extra;À Vista;Débito Nubank;;OK;38,7;-;Outubro;2024
652;19/10/2024;Despesa;Comida Japoneja - Sábado;Bar / Restaurante / Churrasco;Extra;À Vista;Pix;;OK;50;Pix para Joyce;Outubro;2024
653;19/10/2024;Despesa;Sorvete Cuca Fresca;Bar / Restaurante / Churrasco;Extra;À Vista;Débito Nubank;;OK;44;-;Outubro;2024
654;20/10/2024;Despesa;Gatorade pós corrida;Gastos Gerais Corrida;Extra;À Vista;Débito Nubank;;OK;14,5;-;Outubro;2024
655;20/10/2024;Despesa;Combustível domingo;Transporte;Extra;À Vista;Débito Nubank;;OK;30;-;Outubro;2024
656;20/10/2024;Despesa;Pizza Jantar Domingo pós missa Jubileu;Bar / Restaurante / Churrasco;Extra;À Vista;Débito Nubank;;OK;144;-;Outubro;2024
657;21/10/2024;Despesa;Tampão de ouvido pra natação;Gastos Gerais Corrida;Extra;À Vista;Pix;;OK;41,99;Pix Shopee;Outubro;2024
658;21/10/2024;Despesa;Pão - Padaria Barbieri;Gastos Extras / Diversos;Extra;À Vista;Débito Nubank;;OK;9,22;-;Outubro;2024
659;22/10/2024;Despesa;Embalagem pra envio Correios;Gastos Extras / Diversos;Extra;À Vista;Pix;;OK;5;Pix para Gráfica;Outubro;2024
660;22/10/2024;Despesa;Vivo Controle;Contas Fixas;Essencial;À Vista;Débito Santander;;OK;97,7;-;Outubro;2024
661;24/10/2024;Despesa;Combustível Sertãozinho;Transporte;Extra;À Vista;Débito Nubank;;OK;60;-;Outubro;2024
662;27/10/2024;Despesa;Almoço Gringos;Bar / Restaurante / Churrasco;Extra;À Vista;Débito Nubank;;OK;186,87;-;Outubro;2024
663;27/10/2024;Despesa;Churrasco Sábado Balão;Bar / Restaurante / Churrasco;Extra;À Vista;Pix;;OK;60;Pix para Balão;Outubro;2024
664;28/10/2024;Despesa;Comida Árabe - Mae Renata;Bar / Restaurante / Churrasco;Extra;À Vista;Pix;;OK;105,1;Pix para a mãe da Renata;Outubro;2024
665;30/10/2024;Despesa;Hiper Saúde;Gastos Extras / Diversos;Extra;À Vista;Pix;;OK;10;Pix para Hiper Saúde;Outubro;2024
666;08/10/2024;Receita;Adiantamento Férias;Entrada;;;;;OK;2990;-;Novembro;2024
667;01/11/2024;Receita;Salário;Entrada;;;;;OK;2830,96;-;Novembro;2024
668;01/11/2024;Sobra;Sobra Outubro 2024;Entrada;;;;;OK;107,814;-;Novembro;2024
669;01/11/2024;Receita;Pix Leo;Entrada;;;;;OK;14;-;Novembro;2024
670;08/11/2024;Receita;Pix Luciene (Serra Água Limpa);Entrada;;;;;OK;200;-;Novembro;2024
671;29/09/2024;Despesa;Pacote Premiere;Entretenimento;Essencial;Parcelado;Crédito Nubank;7 de 12;OK;29,9;Parcela 7/12 - Pago dia 01/11/2024;Novembro;2024
672;29/09/2024;Despesa;Viagem para BH;Viagens;Não Essencial;Parcelado;Crédito Nubank;4 de 10;OK;49,63;Parcela 4/10 - Pago dia 01/11/2024;Novembro;2024
673;29/09/2024;Despesa;Camisas Baw;Roupas e Calçados;Não Essencial;Parcelado;Crédito Nubank;4 de 10;OK;72,198;Parcela 4/10 - Pago dia 01/11/2024;Novembro;2024
674;29/09/2024;Despesa;Perfume CH ;Cuidados Pessoais;Essencial;Parcelado;Crédito Nubank;3 de 10;OK;46,2;Parcela 3/10 - Pago dia 01/11/2024;Novembro;2024
675;29/09/2024;Despesa;Canal Dente;Saúde;Essencial;Parcelado;Crédito Nubank;3 de 3;OK;393,33;Parcela 3/3 - Pago dia 01/11/2024;Novembro;2024
676;29/09/2024;Despesa;Seguro Carro;Transporte;Essencial;Parcelado;Crédito Nubank;2 de 5;OK;308,75;Parcela 2/5 - Pago dia 01/11/2024;Novembro;2024
677;01/10/2024;Despesa;Amazon Prime;Entretenimento;Essencial;À Vista;Crédito Nubank;;OK;19,9;Pago dia 01/11/2024;Novembro;2024
678;05/10/2024;Despesa;Compra Diversa Amazon;Gastos Extras / Diversos;Não Essencial;Parcelado;Crédito Nubank;1 de 10;OK;75,91;Parcela 1/10 - Pago dia 01/11/2024;Novembro;2024
679;12/10/2024;Despesa;HBO Max;Entretenimento;Essencial;À Vista;Crédito Nubank;;OK;29,66;Pago dia 01/11/2024;Novembro;2024
680;13/10/2024;Despesa;Amazon Prime Canais;Entretenimento;Extra;À Vista;Crédito Nubank;;OK;14,9;Pago dia 01/11/2024;Novembro;2024
681;21/10/2024;Despesa;Google Storage;Entretenimento;Essencial;À Vista;Crédito Nubank;;OK;7,99;Pago dia 01/11/2024;Novembro;2024
682;22/10/2024;Despesa;Padaria Barberi com a Edinha;Bar / Restaurante / Churrasco;Extra;À Vista;Crédito Nubank;;OK;51,2;Pago dia 01/11/2024;Novembro;2024
683;25/10/2024;Despesa;Spotify;Entretenimento;Essencial;À Vista;Crédito Nubank;;OK;27,9;Pago dia 01/11/2024;Novembro;2024
684;25/10/2024;Sobra;Estorno Cuecas Amazon;Gastos Extras / Diversos;Essencial;À Vista;Crédito Nubank;;OK;124,9;-;Novembro;2024
685;01/11/2024;Despesa;Parcelamento Dente;Reposição Reserva;Essencial;Parcelado;Débito Nubank;7 de 8;OK;175;7/8 - Reposição dinheiro resgatado;Novembro;2024
686;01/11/2024;Despesa;Consulta e Remédios Granola;Reposição Reserva;Essencial;Parcelado;Débito Nubank;6 de 7;OK;78;6/7 - Reposição dinheiro resgatado;Novembro;2024
687;01/11/2024;Despesa;Camisetas Palmeiras;Reposição Reserva;Essencial;Parcelado;Débito Nubank;4 de 5;OK;48;4/5 - Reposição dinheiro resgatado;Novembro;2024
688;01/11/2024;Despesa;Ração Cachorras;Reposição Reserva;Essencial;Parcelado;Débito Nubank;3 de 4;OK;67,5;3/4 - Reposição dinheiro resgatado;Novembro;2024
689;01/11/2024;Despesa;Gastos diversos com Garmin;Gastos Gerais Corrida;Extra;À Vista;Débito Nubank;;OK;37;Enviado para BTG Conta Corrente;Novembro;2024
690;01/11/2024;Despesa;Fies;Contas Fixas;Essencial;À Vista;Boleto;;OK;208,19;-;Novembro;2024
691;01/11/2024;Despesa;Mensalidade Corregiz;Gastos Gerais Corrida;Essencial;À Vista;Pix;;OK;90;Pix para Victor Giz;Novembro;2024
692;01/11/2024;Despesa;Reforma Igreja;Contas Fixas;Essencial;À Vista;Pix;;OK;30;Pix para Edna;Novembro;2024
693;01/11/2024;Despesa;Ração Cachorras;Gastos Extras / Diversos;Essencial;Parcelado;Pix;2 de 3;OK;100;Pix para Edna - Parcela 2/3;Novembro;2024
694;01/11/2024;Despesa;Dente da Mãe;Saúde;Essencial;Parcelado;Pix;2 de 10;OK;125;Pix para Edna - Parcela 2/10;Novembro;2024
695;05/11/2024;Despesa;Mensalidade Cardiofísico;Saúde;Essencial;À Vista;Débito Nubank;;OK;147;-;Novembro;2024
696;01/11/2024;Despesa;Enviado para o BTG;Poupado / Investimento;Essencial;À Vista;Transf. BTG;;OK;1869,5;Dinheiro que já estava no BTG (férias);Novembro;2024
697;01/11/2024;Despesa;Combustível Sexta Feira;Transporte;Extra;À Vista;Débito Nubank;;OK;30;-;Novembro;2024
698;02/11/2024;Despesa;Massagem Vanessa;Cuidados Pessoais;Não Essencial;À Vista;Pix;;OK;85;Pix para Vanessa;Novembro;2024
699;03/11/2024;Despesa;Combustível para Serra Água Limpa;Transporte;Extra;À Vista;Débito Nubank;;OK;30;-;Novembro;2024
700;04/11/2024;Despesa;Camiseta Palmeiras;Roupas e Calçados;Extra;À Vista;Pix;;OK;111,06;Pix para Ligeiro;Novembro;2024
701;08/11/2024;Despesa;Kit Corrida Savegnago;Gastos Gerais Corrida;Extra;À Vista;Pix;;OK;20;Pix para Mariane Galindo;Novembro;2024
702;08/11/2024;Despesa;Savegnago Janta Sexta Feira;Gastos Extras / Diversos;Extra;À Vista;Débito Nubank;;OK;56,75;-;Novembro;2024
703;08/11/2024;Despesa;Padaria Barberi;Gastos Extras / Diversos;Extra;À Vista;Débito Nubank;;OK;20,82;-;Novembro;2024
704;09/11/2024;Despesa;Churrasco Sábado Ligeiro ;Bar / Restaurante / Churrasco;Extra;À Vista;Pix;;OK;85;Pix para Feih;Novembro;2024
705;09/11/2024;Despesa;Combustível para Corrida Savegnago;Transporte;Extra;À Vista;Débito Nubank;;OK;70;-;Novembro;2024
706;09/11/2024;Despesa;Sushi Jantar Sábado;Bar / Restaurante / Churrasco;Extra;À Vista;Débito Nubank;;OK;30,98;-;Novembro;2024
707;10/11/2024;Despesa;Padaria pós corrida;Bar / Restaurante / Churrasco;Extra;À Vista;Débito Nubank;;OK;45;-;Novembro;2024
708;10/11/2024;Despesa;Cerveja almoço Domingo;Gastos Extras / Diversos;Extra;À Vista;Débito Nubank;;OK;47,88;-;Novembro;2024
709;10/11/2024;Despesa;Lanche jantar Domingo;Bar / Restaurante / Churrasco;Extra;À Vista;Débito Nubank;;OK;81;-;Novembro;2024
710;12/11/2024;Despesa;Camiseta Churras Dama de Copos;Roupas e Calçados;Extra;À Vista;Pix;;OK;45;Pix para Maria Clara;Novembro;2024
711;12/11/2024;Despesa;Churrasco Dama de Copos;Bar / Restaurante / Churrasco;Extra;À Vista;Pix;;OK;50;Pix para Maria Clara;Novembro;2024
712;14/11/2024;Despesa;Loto Fácil;Gastos Extras / Diversos;Extra;À Vista;Pix;;OK;21;-;Novembro;2024
713;16/11/2024;Despesa;Retorno Nutricionista;Saúde;Essencial;À Vista;Pix;;OK;100;Pix para Hianka;Novembro;2024
714;16/11/2024;Despesa;Lanche Pai - Janta Sábado;Bar / Restaurante / Churrasco;Extra;À Vista;Débito Nubank;;OK;29;-;Novembro;2024
715;16/11/2024;Despesa;Combustível para Ribeirão;Transporte;Extra;À Vista;Débito Nubank;;OK;70;-;Novembro;2024
716;16/11/2024;Despesa;Batata Recheada - Janta Sábado;Bar / Restaurante / Churrasco;Extra;À Vista;Débito Nubank;;OK;68;-;Novembro;2024
717;20/11/2024;Despesa;Savegnago - Churras Bia;Bar / Restaurante / Churrasco;Extra;À Vista;Débito Nubank;;OK;94,11;-;Novembro;2024
718;20/11/2024;Despesa;Comida japonesa - Janta feriado;Bar / Restaurante / Churrasco;Extra;À Vista;Débito Nubank;;OK;40,97;-;Novembro;2024
719;21/11/2024;Despesa;Vivo Controle;Contas Fixas;Essencial;À Vista;Débito Santander;;OK;95;-;Novembro;2024
720;21/11/2024;Despesa;Combustível Sertãozinho;Transporte;Extra;À Vista;Débito Nubank;;OK;50;-;Novembro;2024
721;22/11/2024;Despesa;Rifa Elisa;Gastos Extras / Diversos;Extra;À Vista;Pix;;OK;30;Pix para Edna;Novembro;2024
722;23/11/2024;Despesa;Bar da Vitamina;Gastos Extras / Diversos;Extra;À Vista;Débito Nubank;;OK;92,5;-;Novembro;2024
723;23/11/2024;Despesa;Remédio para gases DuoFormula;Saúde;Extra;À Vista;Débito Nubank;;OK;37,9;-;Novembro;2024
724;23/11/2024;Despesa;Comida japonesa - Janta pós Churras;Bar / Restaurante / Churrasco;Extra;À Vista;Débito Nubank;;OK;30,98;-;Novembro;2024
725;24/11/2024;Despesa;Pizza Janta Domingo;Bar / Restaurante / Churrasco;Extra;À Vista;Débito Nubank;;OK;91;-;Novembro;2024
726;25/11/2024;Despesa;Fotos Corrida Meia de Ribeirão;Gastos Gerais Corrida;Extra;À Vista;Pix;;OK;34,16;Pix para Fotop;Novembro;2024
727;27/11/2024;Despesa;Mão de obra Mecânico;Transporte;Não Essencial;À Vista;Débito Nubank;;OK;120;-;Novembro;2024
728;29/11/2024;Despesa;Combustível Sertãozinho;Transporte;Extra;À Vista;Débito Nubank;;OK;60;-;Novembro;2024
729;29/11/2024;Despesa;Cerveja balada Sr. Boteco;Bar / Restaurante / Churrasco;Extra;À Vista;Débito Nubank;;OK;60;-;Novembro;2024
730;30/11/2024;Despesa;Mc pós balada;Bar / Restaurante / Churrasco;Extra;À Vista;Débito Nubank;;OK;35,7;-;Novembro;2024
731;30/11/2024;Despesa;Energético para viagem;Viagens;Extra;À Vista;Débito Nubank;;OK;43,15;-;Novembro;2024
732;30/11/2024;Despesa;Pastel de Belém - Don Patto;Viagens;Extra;À Vista;Débito Nubank;;OK;90,5;-;Novembro;2024
733;30/11/2024;Despesa;Estacionamento Don Patto;Viagens;Extra;À Vista;Débito Nubank;;OK;12;-;Novembro;2024
734;30/11/2024;Despesa;Salgadinho Graal;Viagens;Extra;À Vista;Débito Nubank;;OK;14,5;-;Novembro;2024
735;30/11/2024;Despesa;Estacionamento Jabotical Shopping;Viagens;Extra;À Vista;Débito Nubank;;OK;4;-;Novembro;2024
736;02/12/2024;Receita;Salário;Entrada;;;;;OK;5006,89;-;Dezembro;2024
737;02/12/2024;Sobra;Sobra Novembro 2024;Entrada;;;;;OK;32,056;-;Dezembro;2024
738;30/11/2024;Receita;1ª Parcela 13°;Entrada;;;;;OK;3204,32;-;Dezembro;2024
739;02/12/2024;Receita;Pix Léo;Entrada;;;;;OK;14;-;Dezembro;2024
740;20/12/2024;Receita;2ª Parcela 13°;Entrada;;;;;OK;1818,83;-;Dezembro;2024
741;30/10/2024;Despesa;Pacote Premiere;Entretenimento;Não Essencial;Parcelado;Crédito Nubank;8 de 12;OK;29,9;Parcela 8/12 - Pago dia 02/12/2024;Dezembro;2024
742;30/10/2024;Despesa;Viagem para BH;Viagens;Não Essencial;Parcelado;Crédito Nubank;5 de 10;OK;49,63;Parcela 5/10 - Pago dia 02/12/2024;Dezembro;2024
743;30/10/2024;Despesa;Camisas Baw;Roupas e Calçados;Não Essencial;Parcelado;Crédito Nubank;5 de 10;OK;72,198;Parcela 5/10 - Pago dia 02/12/2024;Dezembro;2024
744;30/10/2024;Despesa;Perfume CH ;Cuidados Pessoais;Não Essencial;Parcelado;Crédito Nubank;4 de 10;OK;46,2;Parcela 4/10 - Pago dia 02/12/2024;Dezembro;2024
745;30/10/2024;Despesa;Seguro Carro;Transporte;Essencial;Parcelado;Crédito Nubank;3 de 5;OK;308,75;Parcela 3/5 - Pago dia 02/12/2024;Dezembro;2024
746;30/10/2024;Despesa;Compra Diversa Amazon;Gastos Extras / Diversos;Não Essencial;Parcelado;Crédito Nubank;2 de 10;OK;75,87;Parcela 2/10 - Pago dia 02/12/2024;Dezembro;2024
747;23/10/2024;Despesa;Whey Growth;Gastos Extras / Diversos;Não Essencial;Parcelado;Crédito Santander;1 de 5;OK;50,78;Parcela 1/5 - Pago dia 02/12/2024;Dezembro;2024
748;29/10/2024;Despesa;Sem Parar;Transporte;Extra;À Vista;Crédito Santander;;OK;50;Pago dia 02/12/2024;Dezembro;2024
749;04/11/2024;Despesa;Amazon Prime;Entretenimento;Essencial;À Vista;Crédito Nubank;;OK;19,9;Pago dia 02/12/2024;Dezembro;2024
750;05/11/2024;Despesa;Inscrição Aero Run;Gastos Gerais Corrida;Extra;À Vista;Crédito Nubank;;OK;131,89;Pago dia 02/12/2024;Dezembro;2024
751;11/11/2024;Despesa;HBO Max;Entretenimento;Essencial;À Vista;Crédito Nubank;;OK;29,66;Pago dia 02/12/2024;Dezembro;2024
752;11/11/2024;Despesa;Amazon Prime Canais;Entretenimento;Extra;À Vista;Crédito Nubank;;OK;14,9;Pago dia 02/12/2024;Dezembro;2024
753;11/11/2024;Despesa;Radio presente Tio Rubão;Gastos Extras / Diversos;Extra;À Vista;Crédito Nubank;;OK;82,63;Pago dia 02/12/2024;Dezembro;2024
754;13/11/2024;Despesa;Suquinho Dedé;Gastos Extras / Diversos;Extra;Parcelado;Crédito Nubank;1 de 2;OK;56,92;Parcela 1/2 - Pago dia 02/12/2024;Dezembro;2024
755;17/11/2024;Despesa;Sem Parar;Transporte;Extra;À Vista;Crédito Santander;;OK;50;Pago dia 02/12/2024;Dezembro;2024
756;21/11/2024;Despesa;Google Storage;Entretenimento;Extra;À Vista;Crédito Nubank;;OK;7,99;Pago dia 02/12/2024;Dezembro;2024
757;22/11/2024;Despesa;Uber para Edna;Gastos Extras / Diversos;Extra;À Vista;Crédito Nubank;;OK;11,9;Pago dia 02/12/2024;Dezembro;2024
758;23/11/2024;Despesa;Compra Diversa Amazon - Ketchup;Gastos Extras / Diversos;Não Essencial;À Vista;Crédito Nubank;;OK;28,49;Pago dia 02/12/2024;Dezembro;2024
759;25/11/2024;Despesa;Spotify;Entretenimento;Essencial;À Vista;Crédito Nubank;;OK;27,9;Pago dia 02/12/2024;Dezembro;2024
760;22/11/2024;Despesa;Sem Parar;Transporte;Extra;À Vista;Crédito Santander;;OK;50;Pago dia 02/12/2024;Dezembro;2024
761;01/12/2024;Despesa;Parcelamento Dente;Reposição Reserva;Essencial;Parcelado;Débito Nubank;8 de 8;OK;175;8/8 - Reposição dinheiro resgatado;Dezembro;2024
762;01/12/2024;Despesa;Consulta e Remédios Granola;Reposição Reserva;Essencial;Parcelado;Débito Nubank;7 de 7;OK;78;7/7 - Reposição dinheiro resgatado;Dezembro;2024
763;01/12/2024;Despesa;Camisetas Palmeiras;Reposição Reserva;Essencial;Parcelado;Débito Nubank;5 de 5;OK;48;5/5 - Reposição dinheiro resgatado;Dezembro;2024
764;01/12/2024;Despesa;Ração Cachorras;Reposição Reserva;Essencial;Parcelado;Débito Nubank;4 de 4;OK;67,5;4/4 - Reposição dinheiro resgatado;Dezembro;2024
765;02/12/2024;Despesa;Fies;Contas Fixas;Essencial;À Vista;Boleto;;OK;208,19;-;Dezembro;2024
766;02/12/2024;Despesa;Mensalidade Corregiz;Gastos Gerais Corrida;Essencial;À Vista;Pix;;OK;90;Pix para Victor Giz;Dezembro;2024
767;02/12/2024;Despesa;Reforma Igreja;Contas Fixas;Essencial;À Vista;Pix;;OK;30;Pix para Edna;Dezembro;2024
768;02/12/2024;Despesa;Ração Cachorras;Gastos Extras / Diversos;Essencial;Parcelado;Pix;2 de 3;OK;100;Pix para Edna - Parcela 2/3;Dezembro;2024
769;02/12/2024;Despesa;Dente da Mãe;Saúde;Essencial;Parcelado;Pix;2 de 10;OK;125;Pix para Edna - Parcela 2/10;Dezembro;2024
770;05/12/2024;Despesa;Mensalidade Cardiofísico;Saúde;Essencial;À Vista;Débito Nubank;;OK;147;-;Dezembro;2024
771;02/12/2024;Despesa;Enviado para o BTG;Poupado / Investimento;Essencial;À Vista;Transf. BTG;;OK;3204,32;13º Guardado;Dezembro;2024
772;02/12/2024;Despesa;Vinhos Góes;Viagens;Extra;À Vista;Débito Nubank;;OK;65,7;Pagamento Fatura CC Dezembro;Dezembro;2024
773;02/12/2024;Despesa;Estacionamento Outlet;Viagens;Extra;À Vista;Débito Nubank;;OK;24;Pagamento Fatura CC Dezembro;Dezembro;2024
774;02/12/2024;Despesa;Almoço Domingo - pós SP;Viagens;Extra;À Vista;Débito Nubank;;OK;60,99;Pagamento Fatura CC Dezembro;Dezembro;2024
775;03/12/2024;Despesa;Gatorade pós Corrida;Gastos Gerais Corrida;Extra;À Vista;Débito Nubank;;OK;24;Pagamento Fatura CC BTG;Dezembro;2024
776;03/12/2024;Despesa;Casa Praia Reveillon;Viagens;Não Essencial;Parcelado;Pix;1 de 3;OK;358,11;Pix para Victor Fenerich - Parcela 1/3;Dezembro;2024
777;06/12/2024;Despesa;Passagem ônibus para RP;Viagens;Extra;À Vista;Débito Nubank;;OK;25,89;-;Dezembro;2024
778;06/12/2024;Despesa;Produtos Limpeza - Corrida Solidária;Gastos Gerais Corrida;Não Essencial;À Vista;Pix;;OK;44,12;Pix para Victor Giz;Dezembro;2024
779;06/12/2024;Despesa;Salgadinho Aeroporto;Viagens;Extra;À Vista;Débito Nubank;;OK;22;-;Dezembro;2024
780;06/12/2024;Despesa;Pagamento 50% Hostel;Viagens;Extra;À Vista;Débito Nubank;;OK;105;-;Dezembro;2024
781;07/12/2024;Despesa;Barzinho Sexta Feira BH;Viagens;Extra;À Vista;Débito Nubank;;OK;100;-;Dezembro;2024
782;07/12/2024;Despesa;Hotel Sexta feira BH;Viagens;Extra;À Vista;Débito Nubank;;OK;280;-;Dezembro;2024
783;07/12/2024;Despesa;Água mercado kit corrida;Viagens;Extra;À Vista;Débito Nubank;;OK;2,18;-;Dezembro;2024
784;07/12/2024;Despesa;Cinto para N° de Peito;Viagens;Extra;À Vista;Débito Nubank;;OK;34,9;-;Dezembro;2024
785;07/12/2024;Despesa;Almoço Coco Bambu;Viagens;Extra;À Vista;Débito Nubank;;OK;191,82;-;Dezembro;2024
786;07/12/2024;Despesa;Compra Lojas Americanas;Viagens;Extra;À Vista;Débito Nubank;;OK;15,48;-;Dezembro;2024
787;07/12/2024;Despesa;Jantar Sábado - Dal Grano;Viagens;Extra;À Vista;Débito Nubank;;OK;118,08;-;Dezembro;2024
788;08/12/2024;Despesa;Almoço Domingo - pós Pampulha;Viagens;Extra;À Vista;Débito Nubank;;OK;102,13;-;Dezembro;2024
789;08/12/2024;Despesa;Gastos com Uber - Divido c/ Bruno;Viagens;Extra;À Vista;Pix;;OK;58;Pix para Bruno de Almeida;Dezembro;2024
790;09/12/2024;Despesa;Volta de Ribeirão para Jaboticabal;Viagens;Extra;À Vista;Pix;;OK;115;Pix para Renata;Dezembro;2024
791;09/12/2024;Despesa;Churrasco fim de Ano Corregiz;Gastos Gerais Corrida;Extra;À Vista;Pix;;OK;90;Pix para Victor Giz;Dezembro;2024
792;13/12/2024;Despesa;Ingresso Sr. Boteco;Bar / Restaurante / Churrasco;Extra;À Vista;Pix;;OK;66;Pix para Ingresse;Dezembro;2024
793;13/12/2024;Despesa;Cerveja Sr. Boteco;Bar / Restaurante / Churrasco;Extra;À Vista;Débito Nubank;;OK;60;-;Dezembro;2024
794;16/12/2024;Despesa;Mc Donald's com os anjinhos;Bar / Restaurante / Churrasco;Extra;À Vista;Débito Nubank;;OK;62,8;-;Dezembro;2024
795;16/12/2024;Despesa;Sorveteria Cremoso com os anjinhos;Bar / Restaurante / Churrasco;Extra;À Vista;Débito Nubank;;OK;39,91;-;Dezembro;2024
796;17/12/2024;Despesa;Bolão Mega Sena;Gastos Extras / Diversos;Extra;À Vista;Pix;;OK;35;Pix para Jé (Usina);Dezembro;2024
797;20/12/2024;Despesa;Combustível Sertãozinho;Transporte;Extra;À Vista;Débito Nubank;;OK;60;-;Dezembro;2024
798;20/12/2024;Despesa;Presente Regiane & João Pedro;Gastos Extras / Diversos;Extra;À Vista;Débito Nubank;;OK;112;-;Dezembro;2024
799;20/12/2024;Despesa;Bebida chá de Casa Nova ;Bar / Restaurante / Churrasco;Extra;À Vista;Débito Nubank;;OK;63,55;-;Dezembro;2024
800;21/12/2024;Despesa;Aniversário Carla;Bar / Restaurante / Churrasco;Extra;À Vista;Pix;;OK;25;Pix para Carla Morello;Dezembro;2024
801;21/12/2024;Despesa;Vivo Controle;Contas Fixas;Essencial;À Vista;Débito Santander;;OK;95;-;Dezembro;2024
802;23/12/2024;Despesa;Mercado Savegango - Risoto Natal;Gastos Extras / Diversos;Não Essencial;À Vista;Débito Santander;;OK;217,53;-;Dezembro;2024
803;23/12/2024;Despesa;Mochila dos EUA;Gastos Extras / Diversos;Não Essencial;À Vista;Pix;;OK;370;Pix para Guilherme;Dezembro;2024
804;27/12/2024;Despesa;Fotos Corridas - Fotop;Gastos Gerais Corrida;Extra;À Vista;Pix;;OK;71,6;Pix para Fotop;Dezembro;2024
805;27/12/2024;Despesa;Bolão Mega Sena - Cesinha;Gastos Extras / Diversos;Extra;À Vista;Pix;;OK;24;Pix para César Teles;Dezembro;2024
806;27/12/2024;Despesa;Mercado Savegango - Risoto Maira;Gastos Extras / Diversos;Extra;À Vista;Débito Santander;;OK;250;-;Dezembro;2024
807;29/12/2024;Despesa;Petty - Almoço domingo;Gastos Extras / Diversos;Extra;À Vista;Débito Nubank;;OK;104,62;-;Dezembro;2024
808;30/12/2024;Despesa;Banho Cachorras;Gastos Extras / Diversos;Essencial;À Vista;Pix;;OK;120;Pix para Janaina ;Dezembro;2024
809;31/12/2024;Despesa;Supermercado Nova - Risoto Ano Novo;Gastos Extras / Diversos;Extra;À Vista;Débito Nubank;;OK;265,83;-;Dezembro;2024
810;31/12/2024;Despesa;Café da manhá pós corrida - Calipal;Gastos Gerais Corrida;Extra;À Vista;Débito Nubank;;OK;24,9;-;Dezembro;2024
811;01/01/2025;Receita;Salário;Entrada;;;;;OK;4966,7;-;Janeiro;2025
812;29/12/2024;Receita;Pix Léo;Entrada;;;;;OK;14;-;Janeiro;2025
813;02/01/2025;Sobra;Sobra Dezembro 2024;Entrada;;;;;OK;702,438;-;Janeiro;2025
814;14/01/2025;Receita;Pix Joyce IPVA;Entrada;;;;;OK;230;-;Janeiro;2025
815;17/01/2025;Receita;Pix Joyce;Entrada;;;;;OK;27;-;Janeiro;2025
816;20/01/2025;Receita;PPR;Entrada;;;;;OK;2173,41;-;Janeiro;2025
817;29/11/2024;Despesa;Pacote Premiere;Entretenimento;Essencial;Parcelado;Crédito Nubank;9 de 12;OK;29,9;Parcela 9/12 - Pago dia 02/01/2025;Janeiro;2025
818;29/11/2024;Despesa;Viagem para BH;Viagens;Não Essencial;Parcelado;Crédito Nubank;6 de 10;OK;49,63;Parcela 6/10 - Pago dia 02/01/2025;Janeiro;2025
819;29/11/2024;Despesa;Camisas Baw;Roupas e Calçados;Não Essencial;Parcelado;Crédito Nubank;6 de 10;OK;72,198;Parcela 6/10 - Pago dia 02/01/2025;Janeiro;2025
820;29/11/2024;Despesa;Perfume CH ;Cuidados Pessoais;Essencial;Parcelado;Crédito Nubank;5 de 10;OK;46,2;Parcela 5/10 - Pago dia 02/01/2025;Janeiro;2025
821;29/11/2024;Despesa;Seguro Carro;Transporte;Essencial;Parcelado;Crédito Nubank;4 de 5;OK;308,75;Parcela 4/5 - Pago dia 02/01/2025;Janeiro;2025
822;29/11/2024;Despesa;Compra Diversa Amazon;Gastos Extras / Diversos;Não Essencial;Parcelado;Crédito Nubank;3 de 10;OK;75,87;Parcela 3/10 - Pago dia 02/01/2025;Janeiro;2025
823;13/11/2024;Despesa;Suquinho Dedé;Gastos Extras / Diversos;Extra;Parcelado;Crédito Nubank;2 de 2;OK;56,92;Parcela 2/2 - Pago dia 02/01/2025;Janeiro;2025
824;23/10/2024;Despesa;Whey Growth;Gastos Extras / Diversos;Não Essencial;Parcelado;Crédito Santander;2 de 5;OK;50,78;Parcela 2/5 - Pago dia 02/01/2025;Janeiro;2025
825;27/11/2024;Despesa;Peças Conserto Carro;Transporte;Essencial;Parcelado;Crédito Santander;1 de 4;OK;114,75;Parcela 1/4 - Pago dia 02/01/2025;Janeiro;2025
826;30/11/2024;Despesa;Sem Parar;Transporte;Extra;À Vista;Crédito Santander;;OK;50;Pago dia 02/01/2025;Janeiro;2025
827;30/11/2024;Despesa;Sem Parar;Transporte;Extra;À Vista;Crédito Santander;;OK;50;Pago dia 02/01/2025;Janeiro;2025
828;01/12/2024;Despesa;Vinhos Góes;Viagens;Extra;À Vista;Crédito Nubank;;OK;0;Pago dia 02/12/2024;Janeiro;2025
829;01/12/2024;Despesa;Jantar Outback;Viagens;Extra;À Vista;Crédito Nubank;;OK;267,94;Pago dia 02/01/2025;Janeiro;2025
830;01/12/2024;Despesa;Estacionamento Outlet;Viagens;Extra;À Vista;Crédito Nubank;;OK;0;Pago dia 02/12/2024;Janeiro;2025
831;02/12/2024;Despesa;Almoço Domingo - pós SP;Bar / Restaurante / Churrasco;Extra;À Vista;Crédito Nubank;;OK;0;Pago dia 02/12/2024;Janeiro;2025
832;02/12/2024;Despesa;Sem Parar;Transporte;Extra;À Vista;Crédito Santander;;OK;50;Pago dia 02/01/2025;Janeiro;2025
833;02/12/2024;Despesa;Sem Parar;Transporte;Extra;À Vista;Crédito Santander;;OK;50;Pago dia 02/01/2025;Janeiro;2025
834;02/12/2024;Despesa;Sem Parar;Transporte;Extra;À Vista;Crédito Santander;;OK;50;Pago dia 02/01/2025;Janeiro;2025
835;04/12/2024;Despesa;Amazon Prime;Entretenimento;Essencial;À Vista;Crédito Nubank;;OK;19,9;Pago dia 02/01/2025;Janeiro;2025
836;06/12/2024;Despesa;Uber Rodoviárioa > Aeroporto RP;Viagens;Extra;À Vista;Crédito Nubank;;OK;26,93;Pago dia 02/01/2025;Janeiro;2025
837;07/12/2024;Despesa;Uber Aeroporto > Hostel;Viagens;Extra;À Vista;Crédito Nubank;;OK;98,68;Pago dia 02/01/2025;Janeiro;2025
838;06/12/2024;Despesa;Uber Hostel > Bar;Viagens;Extra;À Vista;Crédito Nubank;;OK;15,94;Pago dia 02/01/2025;Janeiro;2025
839;07/12/2024;Despesa;Uber Bar > Hostel;Viagens;Extra;À Vista;Crédito Nubank;;OK;18,98;Pago dia 02/01/2025;Janeiro;2025
840;07/12/2024;Despesa;Uber Hostel > Retirada Kit;Viagens;Extra;À Vista;Crédito Santander;;OK;29,7;Pago dia 02/01/2025;Janeiro;2025
841;07/12/2024;Despesa;Uber Shoping > Hostel;Viagens;Extra;À Vista;Crédito Santander;;OK;28,5;Pago dia 02/01/2025;Janeiro;2025
842;07/12/2024;Despesa;Uber Hostel > Restaurante;Viagens;Extra;À Vista;Crédito Santander;;OK;14,4;Pago dia 02/01/2025;Janeiro;2025
843;11/12/2024;Despesa;HBO Max;Entretenimento;Essencial;À Vista;Crédito Nubank;;OK;29,66;Pago dia 02/01/2025;Janeiro;2025
844;12/12/2024;Despesa;Presente de Natal - Cartinha;Gastos Extras / Diversos;Não Essencial;À Vista;Crédito Nubank;;OK;56,99;Pago dia 02/01/2025;Janeiro;2025
845;21/12/2024;Despesa;Google Storage;Entretenimento;Extra;À Vista;Crédito Nubank;;OK;7,99;Pago dia 02/01/2025;Janeiro;2025
846;21/12/2024;Despesa;Presente de Natal dos Meninos;Gastos Extras / Diversos;Não Essencial;Parcelado;Crédito Nubank;1 de 6;OK;66,3;Parcela 1/6 - Pago dia 02/01/2025;Janeiro;2025
847;23/12/2024;Despesa;Amazon Prime - MAX;Entretenimento;Essencial;À Vista;Crédito Nubank;;OK;3,86;Pago dia 02/01/2025;Janeiro;2025
848;24/12/2024;Despesa;Spotify;Entretenimento;Essencial;À Vista;Crédito Nubank;;OK;27,9;Pago dia 02/01/2025;Janeiro;2025
849;27/12/2024;Despesa;Apple Storage;Entretenimento;Extra;À Vista;Crédito Nubank;;OK;4,9;Pago dia 02/01/2025;Janeiro;2025
850;02/01/2025;Despesa;Instalação do Ar Condicionado;Reposição Reserva;Essencial;Parcelado;Débito Nubank;1 de 10;OK;70;1/10 - Reposição dinheiro resgatado;Janeiro;2025
851;02/01/2025;Despesa;Relógio Garmin;Reposição Reserva;Essencial;Parcelado;Débito Nubank;1 de 10;OK;210;1/10 - Reposição dinheiro resgatado;Janeiro;2025
852;02/01/2025;Despesa;Celular;Reposição Reserva;Essencial;Parcelado;Débito Nubank;1 de 12;OK;200;1/12 - Reposição dinheiro resgatado;Janeiro;2025
853;02/01/2025;Despesa;Fies;Contas Fixas;Essencial;À Vista;Boleto;;OK;208,19;-;Janeiro;2025
854;02/01/2025;Despesa;Mensalidade Corregiz;Gastos Gerais Corrida;Essencial;À Vista;Pix;;OK;90;Pix para Victor Giz;Janeiro;2025
855;02/01/2025;Despesa;Reforma Igreja;Contas Fixas;Essencial;À Vista;Pix;;OK;30;Pix para Edna;Janeiro;2025
856;02/01/2025;Despesa;Ração Cachorras;Gastos Extras / Diversos;Essencial;Parcelado;Pix;3 de 3;OK;100;Pix para Edna - Parcela 3/3;Janeiro;2025
857;02/01/2025;Despesa;Dente da Mãe;Saúde;Essencial;Parcelado;Pix;3 de 10;OK;125;Pix para Edna - Parcela 3/10;Janeiro;2025
858;02/01/2025;Despesa;Gatorade pós Corrida;Gastos Gerais Corrida;Extra;À Vista;Débito Nubank;;OK;86;Pagamento Fatura CC BTG;Janeiro;2025
859;02/01/2025;Despesa;Enviado para o BTG;Poupado / Investimento;Essencial;À Vista;Transf. BTG;;OK;1290;-;Janeiro;2025
860;02/01/2025;Despesa;Taxa de entrega do Visto EUA;Transporte;Essencial;À Vista;Pix;;OK;65;Pix para Guilherme;Janeiro;2025
861;03/01/2025;Despesa;Cerveja churrasco Dessão;Bar / Restaurante / Churrasco;Extra;À Vista;Débito Nubank;;OK;48;-;Janeiro;2025
862;04/01/2025;Despesa;Chopp Batizado;Bar / Restaurante / Churrasco;Extra;À Vista;Pix;;OK;100;Pix para Fábio Barroso;Janeiro;2025
863;04/01/2025;Despesa;Corte de Cabelo;Cuidados Pessoais;Essencial;À Vista;Pix;;OK;28;Pix para Daniel Barbeiro;Janeiro;2025
864;04/01/2025;Despesa;Bebida Ligeiro (Sábado a tarde);Bar / Restaurante / Churrasco;Extra;À Vista;Débito Nubank;;OK;30,8;-;Janeiro;2025
865;04/01/2025;Despesa;Combustível;Transporte;Extra;À Vista;Débito Nubank;;OK;40;-;Janeiro;2025
866;04/01/2025;Despesa;Jantar pós Batizado;Bar / Restaurante / Churrasco;Extra;À Vista;Débito Nubank;;OK;137,8;-;Janeiro;2025
867;07/01/2025;Despesa;50% da reserva Visto Hostel;Viagens;Essencial;À Vista;Débito Nubank;;OK;65;-;Janeiro;2025
868;07/01/2025;Despesa;30% da reserva Zen Garden Hostel;Viagens;Essencial;À Vista;Pix;;OK;46,5;Pix para Zen Garden Hostel;Janeiro;2025
869;09/01/2025;Despesa;Água Churrasco Shirley ;Bar / Restaurante / Churrasco;Extra;À Vista;Débito Nubank;;OK;16,95;-;Janeiro;2025
870;10/01/2025;Despesa;Combustível;Transporte;Extra;À Vista;Débito Nubank;;OK;50;-;Janeiro;2025
871;10/01/2025;Despesa;Lanche Salgar - Sexta Feira;Bar / Restaurante / Churrasco;Extra;À Vista;Débito Nubank;;OK;40,9;-;Janeiro;2025
872;11/01/2025;Despesa;Massagem Vanessa;Cuidados Pessoais;Não Essencial;À Vista;Pix;;OK;85;Pix para Vanessa;Janeiro;2025
873;11/01/2025;Despesa;Pizzaria Sábado a Noite;Bar / Restaurante / Churrasco;Extra;À Vista;Débito Nubank;;OK;100;-;Janeiro;2025
874;12/01/2025;Despesa;Gatorade pós Corrida;Gastos Gerais Corrida;Extra;À Vista;Débito Nubank;;OK;13,49;-;Janeiro;2025
875;12/01/2025;Despesa;Café da Manhã com as Crianças;Bar / Restaurante / Churrasco;Extra;À Vista;Débito Nubank;;OK;57,71;-;Janeiro;2025
876;13/01/2025;Despesa;Tampão de ouvido pra natação;Gastos Gerais Corrida;Extra;À Vista;Pix;;OK;46;Pix Shopee;Janeiro;2025
877;15/01/2025;Despesa;Presente Renata;Gastos Extras / Diversos;Extra;À Vista;Pix;;OK;95;Pix para Isadora;Janeiro;2025
878;17/01/2025;Despesa;Combustível para Sertãozinho;Transporte;Extra;À Vista;Débito Nubank;;OK;60;-;Janeiro;2025
879;17/01/2025;Despesa;Primeira parcela IPVA;Transporte;Extra;Parcelado;Débito Santander;1 de 5;OK;230;Parcela 1/5;Janeiro;2025
880;17/01/2025;Despesa;Açaí Sexta Feira a noite;Bar / Restaurante / Churrasco;Extra;À Vista;Débito Nubank;;OK;65,97;-;Janeiro;2025
881;18/01/2025;Despesa;Gordinho Lanche;Bar / Restaurante / Churrasco;Extra;À Vista;Débito Nubank;;OK;30;-;Janeiro;2025
882;18/01/2025;Despesa;Água Gordinho Lanche;Bar / Restaurante / Churrasco;Extra;À Vista;Débito Nubank;;OK;5;-;Janeiro;2025
883;19/01/2025;Despesa;Mercado Martins;Gastos Extras / Diversos;Extra;À Vista;Débito Nubank;;OK;82,4;-;Janeiro;2025
884;20/01/2025;Despesa;Óculos Natação;Gastos Gerais Corrida;Extra;À Vista;Pix;;OK;80;Pix para Guilherme;Janeiro;2025
885;20/01/2025;Despesa;Enviado para o BTG;Poupado / Investimento;Essencial;À Vista;Transf. BTG;;OK;1500;-;Janeiro;2025
886;21/01/2025;Despesa;Vivo Controle;Contas Fixas;Essencial;À Vista;Débito Santander;;OK;95;-;Janeiro;2025
887;23/01/2025;Despesa;Abrapec;Gastos Extras / Diversos;Extra;À Vista;Pix;;OK;15;Pix para Abrapec;Janeiro;2025
888;25/01/2025;Despesa;Salgadinho Barroso;Gastos Extras / Diversos;Extra;À Vista;Débito Nubank;;OK;16,5;-;Janeiro;2025
889;26/01/2025;Despesa;Gatorade pós Corrida;Gastos Gerais Corrida;Extra;À Vista;Débito Nubank;;OK;9;-;Janeiro;2025
890;26/01/2025;Despesa;Café da Manhã pós Corrida;Gastos Gerais Corrida;Extra;À Vista;Débito Nubank;;OK;33,97;-;Janeiro;2025
891;26/01/2025;Despesa;Comida Japonesa Sábado a noite;Bar / Restaurante / Churrasco;Extra;À Vista;Pix;;OK;107;Pix para Joyce;Janeiro;2025
892;27/01/2025;Despesa;Chopp Niver Mary;Bar / Restaurante / Churrasco;Extra;À Vista;Pix;;OK;61,9;Pix para Ligeiro;Janeiro;2025
893;31/01/2025;Despesa;Doces Magnun;Gastos Extras / Diversos;Extra;À Vista;Pix;;OK;18;Pix para Magnun;Janeiro;2025
894;31/01/2025;Despesa;Ingresso Sr. Boteco;Gastos Extras / Diversos;Extra;À Vista;Pix;;OK;30;Pix para Isabella;Janeiro;2025
895;31/01/2025;Despesa;Instalação Som Carro;Transporte;Extra;À Vista;Pix;;OK;340;Pixa para Thales Som;Janeiro;2025
896;31/01/2025;Despesa;Cerveja Sr. Boteco;Bar / Restaurante / Churrasco;Extra;À Vista;Débito Nubank;;OK;24;-;Janeiro;2025
897;31/01/2025;Despesa;Cerveja Sr. Boteco;Bar / Restaurante / Churrasco;Extra;À Vista;Débito Nubank;;OK;60;-;Janeiro;2025
898;01/01/2025;Receita;Salário;Entrada;;;;;OK;4966,84;-;Fevereiro;2025
899;31/01/2025;Sobra;Sobra Janeiro 2025;Entrada;;;;;OK;0,91;-;Fevereiro;2025
900;13/02/2025;Receita;Pix Leo;Entrada;;;;;OK;14;-;Fevereiro;2025
901;30/12/2024;Despesa;Pacote Premiere;Entretenimento;Essencial;Parcelado;Crédito Nubank;10 de 12;OK;29,9;Parcela 10/12 - Pago dia 03/02/2025;Fevereiro;2025
902;30/12/2024;Despesa;Viagem para BH;Viagens;Não Essencial;Parcelado;Crédito Nubank;7 de 10;OK;49,63;Parcela 7/10 - Pago dia 03/02/2025;Fevereiro;2025
903;30/12/2024;Despesa;Camisas Baw;Roupas e Calçados;Não Essencial;Parcelado;Crédito Nubank;7 de 10;OK;72,198;Parcela 7/10 - Pago dia 03/02/2025;Fevereiro;2025
904;30/12/2024;Despesa;Perfume CH ;Cuidados Pessoais;Essencial;Parcelado;Crédito Nubank;6 de 10;OK;46,2;Parcela 6/10 - Pago dia 03/02/2025;Fevereiro;2025
905;30/12/2024;Despesa;Seguro Carro;Transporte;Essencial;Parcelado;Crédito Nubank;5 de 5;OK;308,75;Parcela 5/5 - Pago dia 03/02/2025;Fevereiro;2025
906;30/12/2024;Despesa;Compra Diversa Amazon;Gastos Extras / Diversos;Não Essencial;Parcelado;Crédito Nubank;4 de 10;OK;75,87;Parcela 4/10 - Pago dia 03/02/2025;Fevereiro;2025
907;23/10/2024;Despesa;Whey Growth;Gastos Extras / Diversos;Não Essencial;Parcelado;Crédito Santander;3 de 5;OK;50,78;Parcela 3/5 - Pago dia 01/02/2025;Fevereiro;2025
908;27/11/2024;Despesa;Peças Conserto Carro;Transporte;Essencial;Parcelado;Crédito Santander;2 de 4;OK;114,75;Parcela 2/4 - Pago dia 01/02/2025;Fevereiro;2025
909;30/12/2024;Despesa;Presente de Natal dos Meninos;Gastos Extras / Diversos;Não Essencial;Parcelado;Crédito Nubank;2 de 6;OK;66,26;Parcela 2/6 - Pago dia 03/02/2025;Fevereiro;2025
910;23/12/2024;Despesa;Barraca Mercado Livre;Gastos Extras / Diversos;Extra;À Vista;Crédito Santander;;OK;139,4;Pago dia 01/02/2024;Fevereiro;2025
911;31/12/2024;Despesa;Sungas e Óculos de Natação;Gastos Gerais Corrida;Extra;Parcelado;Crédito Nubank;1 de 3;OK;84,39;Parcela 1/3 - Pago dia 03/02/2025;Fevereiro;2025
912;02/01/2025;Despesa;Mensalidade Jan. Cardiofísico;Saúde;Essencial;À Vista;Crédito Nubank;;OK;117;Pago dia 03/02/2025;Fevereiro;2025
913;04/01/2025;Despesa;Amazon Prime;Entretenimento;Essencial;À Vista;Crédito Nubank;;OK;19,9;Pago dia 03/02/2025;Fevereiro;2025
914;06/01/2025;Despesa;Carregadores Aliexpress;Gastos Extras / Diversos;Não Essencial;Parcelado;Crédito Nubank;1 de 4;OK;43,49;Parcela 1/4 - Pago dia 03/02/2025;Fevereiro;2025
915;07/01/2025;Despesa;50% da reserva Visto Hostel;Viagens;Essencial;À Vista;Crédito Nubank;;OK;65,5;Pago dia 03/02/2025;Fevereiro;2025
916;10/01/2025;Despesa;Ifood Sexta Feira;Bar / Restaurante / Churrasco;Extra;À Vista;Crédito Nubank;;OK;8,98;Pago dia 03/02/2025;Fevereiro;2025
917;11/01/2025;Despesa;HBO Max;Entretenimento;Essencial;À Vista;Crédito Nubank;;OK;33,91;Pago dia 03/02/2025;Fevereiro;2025
918;12/01/2025;Despesa;Cerveja Savegnago - Domingo;Bar / Restaurante / Churrasco;Extra;À Vista;Crédito Nubank;;OK;143,64;Pago dia 03/02/2025;Fevereiro;2025
919;17/01/2025;Despesa;Sem Parar;Transporte;Extra;À Vista;Crédito Santander;;OK;50;Pago dia 01/02/2024;Fevereiro;2025
920;21/01/2025;Despesa;Google Storage;Entretenimento;Extra;À Vista;Crédito Nubank;;OK;7,99;Pago dia 03/02/2025;Fevereiro;2025
921;24/01/2025;Despesa;Spotify;Entretenimento;Essencial;À Vista;Crédito Nubank;;OK;27,9;Pago dia 03/02/2025;Fevereiro;2025
922;27/01/2025;Despesa;Apple Storage;Entretenimento;Extra;À Vista;Crédito Nubank;;OK;4,9;Pago dia 03/02/2025;Fevereiro;2025
923;25/01/2025;Despesa;Presente Mary;Gastos Extras / Diversos;Extra;À Vista;Crédito Nubank;;OK;224;Pago dia 03/02/2025;Fevereiro;2025
924;04/02/2025;Despesa;Instalação do Ar Condicionado;Reposição Reserva;Essencial;Parcelado;Débito Nubank;2 de 10;OK;70;2/10 - Reposição dinheiro resgatado;Fevereiro;2025
925;04/02/2025;Despesa;Relógio Garmin;Reposição Reserva;Essencial;Parcelado;Débito Nubank;2 de 10;OK;210;2/10 - Reposição dinheiro resgatado;Fevereiro;2025
926;04/02/2025;Despesa;Celular;Reposição Reserva;Essencial;Parcelado;Débito Nubank;2 de 12;OK;200;2/12 - Reposição dinheiro resgatado;Fevereiro;2025
927;04/02/2025;Despesa;Taxa Visto EUA;Reposição Reserva;Essencial;Parcelado;Débito Nubank;1 de 10;OK;120;1/10 - Reposição dinheiro resgatado;Fevereiro;2025
928;01/02/2025;Despesa;Retorno Nutricionista;Saúde;Essencial;À Vista;Pix;;OK;100;Pix para Hianka;Fevereiro;2025
929;01/02/2025;Despesa;Gel e Barra de Proteínas - Cardiofísico;Gastos Gerais Corrida;Extra;À Vista;Débito Santander;;OK;28,3;-;Fevereiro;2025
930;02/02/2025;Despesa;Gatorade pós Corrida;Gastos Gerais Corrida;Extra;À Vista;Débito Santander;;OK;16,99;-;Fevereiro;2025
931;03/02/2025;Despesa;Fies;Contas Fixas;Essencial;À Vista;Boleto;;OK;208,19;-;Fevereiro;2025
932;03/02/2025;Despesa;Mensalidade Corregiz;Gastos Gerais Corrida;Essencial;À Vista;Pix;;OK;90;Pix para Victor Giz;Fevereiro;2025
933;03/02/2025;Despesa;Reforma Igreja;Contas Fixas;Essencial;À Vista;Pix;;OK;30;Pix para Edna;Fevereiro;2025
934;03/02/2025;Despesa;Dente da Mãe;Saúde;Essencial;Parcelado;Pix;4 de 10;OK;125;Pix para Edna - Parcela 4/10;Fevereiro;2025
935;03/02/2025;Despesa;Cartão de Crédito BTG;Gastos Extras / Diversos;Extra;À Vista;Débito Nubank;;OK;140;Pagamento Fatura CC BTG;Fevereiro;2025
936;06/02/2025;Despesa;Banho Cachorras;Gastos Extras / Diversos;Extra;À Vista;Pix;;OK;130;Pix para Edna;Fevereiro;2025
937;07/02/2025;Despesa;Combustível Sertãozinho;Transporte;Extra;À Vista;Débito Nubank;;OK;60;-;Fevereiro;2025
938;08/02/2025;Despesa;Fotos Visto;Gastos Extras / Diversos;Extra;À Vista;Débito Nubank;;OK;40;-;Fevereiro;2025
939;09/02/2025;Despesa;Sorvete Chiquinho;Gastos Extras / Diversos;Extra;À Vista;Débito Nubank;;OK;39;-;Fevereiro;2025
940;08/02/2025;Despesa;Bebidas Churrasco Balão - Sábado;Bar / Restaurante / Churrasco;Extra;À Vista;Débito Nubank;;OK;32;-;Fevereiro;2025
941;09/02/2025;Despesa;Combustível Jaboticabal;Transporte;Extra;À Vista;Débito Nubank;;OK;30;-;Fevereiro;2025
942;09/02/2025;Despesa;Bebidas Churrasco Anjos - Domingo;Bar / Restaurante / Churrasco;Extra;À Vista;Débito Nubank;;OK;30,9;-;Fevereiro;2025
943;10/02/2025;Despesa;Whey Mercado Livre;Cuidados Pessoais;Não Essencial;À Vista;Pix;;OK;124,58;Pix Mercado Livre;Fevereiro;2025
944;14/02/2025;Despesa;Savegnago - Sexta feira;Gastos Extras / Diversos;Extra;À Vista;Débito Nubank;;OK;52,34;-;Fevereiro;2025
945;15/02/2025;Despesa;Combustível Corrida AeroRun;Gastos Gerais Corrida;Extra;À Vista;Débito Nubank;;OK;80;-;Fevereiro;2025
946;15/02/2025;Despesa;Jantar Sábado - Up Sushi;Bar / Restaurante / Churrasco;Extra;À Vista;Débito Nubank;;OK;29,99;-;Fevereiro;2025
947;16/02/2025;Despesa;Energético pré prova;Gastos Extras / Diversos;Extra;À Vista;Débito Nubank;;OK;12,9;-;Fevereiro;2025
948;16/02/2025;Despesa;Café da manhã pós prova;Bar / Restaurante / Churrasco;Extra;À Vista;Débito Nubank;;OK;30,46;-;Fevereiro;2025
949;19/02/2025;Despesa;Passagem Ida SP;Viagens;Extra;À Vista;Débito Nubank;;OK;90,8;-;Fevereiro;2025
950;21/02/2025;Despesa;2ª parcela IPVA;Contas Fixas;Essencial;À Vista;Débito Nubank;;OK;229,83;-;Fevereiro;2025
951;21/02/2025;Despesa;Janta Sexta Feira;Bar / Restaurante / Churrasco;Extra;À Vista;Débito Nubank;;OK;100;-;Fevereiro;2025
952;21/01/2025;Despesa;Vivo Controle;Contas Fixas;Essencial;À Vista;Débito Santander;;OK;96;-;Fevereiro;2025
953;23/02/2025;Despesa;Água posto para viagem SP;Viagens;Extra;À Vista;Débito Nubank;;OK;8,39;-;Fevereiro;2025
954;23/02/2025;Despesa;Parte restante Hostel;Viagens;Extra;À Vista;Débito Nubank;;OK;108,5;-;Fevereiro;2025
955;23/02/2025;Despesa;Janta Domingo - Ifood SP;Viagens;Extra;À Vista;Débito Nubank;;OK;57,51;-;Fevereiro;2025
956;24/02/2025;Despesa;Água Pão de Açúcar;Viagens;Extra;À Vista;Débito Nubank;;OK;14,25;-;Fevereiro;2025
957;24/02/2025;Despesa;Passagem Metrô;Viagens;Extra;À Vista;Débito Nubank;;OK;5,2;-;Fevereiro;2025
958;24/02/2025;Despesa;Almoço Segunda Feira - Japonês;Viagens;Extra;À Vista;Débito Nubank;;OK;107,47;-;Fevereiro;2025
959;24/02/2025;Despesa;Água OXXO Segunda pós almoço;Viagens;Extra;À Vista;Débito Nubank;;OK;19,9;-;Fevereiro;2025
960;24/02/2025;Despesa;Impressão Declaração Imposto;Viagens;Extra;À Vista;Débito Nubank;;OK;1;-;Fevereiro;2025
961;24/02/2025;Despesa;Janta Segunda Feira - Lanche;Viagens;Extra;À Vista;Débito Nubank;;OK;85,8;-;Fevereiro;2025
962;24/02/2025;Despesa;Água OXXO Segunda pós Janta;Viagens;Extra;À Vista;Débito Nubank;;OK;14,29;-;Fevereiro;2025
963;25/02/2025;Despesa;Passagem Volta SP;Viagens;Extra;À Vista;Débito Nubank;;OK;183,72;-;Fevereiro;2025
964;25/02/2025;Despesa;Passagem Metrô - 2x;Viagens;Extra;À Vista;Débito Nubank;;OK;10,4;-;Fevereiro;2025
965;25/02/2025;Despesa;Comida Graal;Viagens;Extra;À Vista;Débito Nubank;;OK;10;-;Fevereiro;2025
966;01/03/2025;Receita;Salário;Entrada;;;;;OK;5041,57;-;Março;2025
967;28/02/2025;Sobra;Sobra Fevereiro 2025;Entrada;;;;;OK;47,802;-;Março;2025
968;01/03/2025;Receita;Pix Leo;Entrada;;;;;OK;14;-;Março;2025
969;19/03/2025;Receita;Pix Joyce - IPVA;Entrada;;;;;OK;220;-;Março;2025
970;22/03/2025;Receita;Presente Padrinho;Entrada;;;;;OK;50;-;Março;2025
971;30/01/2025;Despesa;Pacote Premiere;Entretenimento;Essencial;Parcelado;Crédito Nubank;11 de 12;OK;29,9;Parcela 11/12 - Pago dia 03/03/2025;Março;2025
972;30/01/2025;Despesa;Viagem para BH;Viagens;Não Essencial;Parcelado;Crédito Nubank;8 de 10;OK;49,63;Parcela 8/10 - Pago dia 03/03/2025;Março;2025
973;30/01/2025;Despesa;Camisas Baw;Roupas e Calçados;Não Essencial;Parcelado;Crédito Nubank;8 de 10;OK;72,198;Parcela 8/10 - Pago dia 03/03/2025;Março;2025
974;30/01/2025;Despesa;Perfume CH ;Cuidados Pessoais;Essencial;Parcelado;Crédito Nubank;7 de 10;OK;46,2;Parcela 7/10 - Pago dia 03/03/2025;Março;2025
975;30/01/2025;Despesa;Compra Diversa Amazon;Gastos Extras / Diversos;Não Essencial;Parcelado;Crédito Nubank;5 de 10;OK;75,87;Parcela 5/10 - Pago dia 03/03/2025;Março;2025
976;30/01/2025;Despesa;Presente de Natal dos Meninos;Gastos Extras / Diversos;Não Essencial;Parcelado;Crédito Nubank;3 de 6;OK;66,26;Parcela 3/6 - Pago dia 03/03/2025;Março;2025
977;30/01/2025;Despesa;Sungas e Óculos de Natação;Gastos Gerais Corrida;Não Essencial;Parcelado;Crédito Nubank;2 de 3;OK;84,39;Parcela 2/3 - Pago dia 03/03/2025;Março;2025
978;30/01/2025;Despesa;Carregadores Aliexpress;Gastos Extras / Diversos;Não Essencial;Parcelado;Crédito Nubank;2 de 4;OK;43,49;Parcela 2/4 - Pago dia 03/03/2025;Março;2025
979;23/10/2024;Despesa;Whey Growth;Gastos Extras / Diversos;Não Essencial;Parcelado;Crédito Santander;4 de 5;OK;50,78;Parcela 4/5 - Pago dia 03/03/2025;Março;2025
980;27/11/2024;Despesa;Peças Conserto Carro;Transporte;Essencial;Parcelado;Crédito Santander;3 de 4;OK;114,75;Parcela 3/4 - Pago dia 03/03/2025;Março;2025
981;24/01/2025;Despesa;Som Carro;Transporte;Não Essencial;Parcelado;Crédito Santander;1 de 10;OK;57,38;Parcela 1/10 - Pago dia 03/03/2025;Março;2025
982;25/01/2025;Despesa;Pulseiras e Película Garmin;Gastos Extras / Diversos;Extra;À Vista;Crédito Santander;;OK;67,98;Pago dia 03/03/2025;Março;2025
983;02/02/2025;Despesa;Salgadinho no Posto pós Sr. Boteco;Gastos Extras / Diversos;Extra;À Vista;Crédito Nubank;;OK;27,17;Pago dia 03/03/2025;Março;2025
984;05/02/2025;Despesa;Mensalidade Fev. Cardiofísico;Saúde;Essencial;À Vista;Crédito Nubank;;OK;117;Pago dia 03/03/2025;Março;2025
985;04/02/2025;Despesa;Amazon Prime;Entretenimento;Essencial;À Vista;Crédito Nubank;;OK;19,9;Pago dia 03/03/2025;Março;2025
986;07/02/2024;Despesa;Inscrição TF Jaboticabal;Gastos Gerais Corrida;Extra;À Vista;Crédito Santander;;OK;139;Pago dia 03/03/2025;Março;2025
987;07/02/2024;Despesa;Sem Parar;Transporte;Extra;À Vista;Crédito Santander;;OK;50;Pago dia 03/03/2025;Março;2025
988;11/02/2025;Despesa;HBO Max;Entretenimento;Essencial;À Vista;Crédito Nubank;;OK;33,91;Pago dia 03/03/2025;Março;2025
989;21/02/2025;Despesa;Google Storage;Entretenimento;Extra;À Vista;Crédito Nubank;;OK;7,99;Pago dia 03/03/2025;Março;2025
990;24/02/2025;Despesa;Spotify;Entretenimento;Essencial;À Vista;Crédito Nubank;;OK;27,9;Pago dia 03/03/2025;Março;2025
991;24/02/2025;Despesa;Uber Domingo;Viagens;Extra;À Vista;Crédito Nubank;;OK;66,2;Pago dia 03/03/2025;Março;2025
992;24/02/2025;Despesa;Uber Segunda Jantar;Viagens;Extra;À Vista;Crédito Nubank;;OK;8,94;Pago dia 03/03/2025;Março;2025
993;25/02/2025;Despesa;Café da Manhã SP;Viagens;Extra;À Vista;Crédito Nubank;;OK;55,3;Pago dia 03/03/2025;Março;2025
994;25/02/2025;Despesa;Graal;Viagens;Extra;À Vista;Crédito Nubank;;OK;44,5;Pago dia 03/03/2025;Março;2025
995;03/03/2025;Despesa;Instalação do Ar Condicionado;Reposição Reserva;Essencial;Parcelado;Débito Nubank;3 de 10;OK;70;3/10 - Reposição dinheiro resgatado;Março;2025
996;03/03/2025;Despesa;Relógio Garmin;Reposição Reserva;Essencial;Parcelado;Débito Nubank;3 de 10;OK;210;3/10 - Reposição dinheiro resgatado;Março;2025
997;03/03/2025;Despesa;Celular;Reposição Reserva;Essencial;Parcelado;Débito Nubank;3 de 12;OK;200;3/12 - Reposição dinheiro resgatado;Março;2025
998;03/03/2025;Despesa;Taxa Visto EUA;Reposição Reserva;Essencial;Parcelado;Débito Nubank;2 de 10;OK;120;2/10 - Reposição dinheiro resgatado;Março;2025
999;01/03/2025;Despesa;Presente Natalia Fontes;Gastos Extras / Diversos;Extra;À Vista;Débito Santander;;OK;130;-;Março;2025
1000;01/03/2025;Despesa;Jantar Sábado - Up Sushi;Bar / Restaurante / Churrasco;Extra;À Vista;Débito Santander;;OK;111,98;-;Março;2025
1001;03/03/2025;Despesa;Fies;Contas Fixas;Essencial;À Vista;Boleto;;OK;212,4;-;Março;2025
1002;03/03/2025;Despesa;Mensalidade Corregiz;Gastos Gerais Corrida;Essencial;À Vista;Pix;;OK;90;Pix para Victor Giz;Março;2025
1003;03/03/2025;Despesa;Cartão de Crédito BTG;Gastos Extras / Diversos;Extra;À Vista;Débito Nubank;;OK;18;Pagamento Fatura CC BTG;Março;2025
1004;04/03/2025;Despesa;Ração Cachorras;Gastos Extras / Diversos;Não Essencial;À Vista;Pix;;OK;120;Pix para Edna;Março;2025
1005;04/03/2025;Despesa;Reforma Igreja;Contas Fixas;Essencial;À Vista;Pix;;OK;30;Pix para Edna;Março;2025
1006;04/03/2025;Despesa;Dente da Mãe;Saúde;Essencial;Parcelado;Pix;5 de 10;OK;125;Pix para Edna - Parcela 5/10;Março;2025
1007;02/01/2025;Despesa;Enviado para o BTG;Poupado / Investimento;Essencial;À Vista;Transf. BTG;;OK;1000;-;Março;2025
1008;06/03/2025;Despesa;Combustível Carro Edna;Transporte;Extra;À Vista;Débito Nubank;;OK;60;-;Março;2025
1009;08/03/2025;Despesa;Presente dia das Mulheres;Gastos Extras / Diversos;Extra;À Vista;Débito Nubank;;OK;72,72;-;Março;2025
1010;08/03/2025;Despesa;Combustível + Gatorade;Transporte;Extra;À Vista;Débito Nubank;;OK;37,69;-;Março;2025
1011;09/03/2025;Despesa;Café da manhã pós Corrida;Gastos Gerais Corrida;Extra;À Vista;Débito Nubank;;OK;30,96;-;Março;2025
1012;09/03/2025;Despesa;Cookies no Domingo - Terraço;Bar / Restaurante / Churrasco;Extra;À Vista;Débito Nubank;;OK;17,5;-;Março;2025
1013;09/03/2025;Despesa;Açaí no Domingo - Terraço;Bar / Restaurante / Churrasco;Extra;À Vista;Débito Nubank;;OK;30,64;-;Março;2025
1014;15/03/2025;Despesa;Café da Manhã - pós natação;Gastos Extras / Diversos;Extra;À Vista;Débito Nubank;;OK;37,5;-;Março;2025
1015;15/03/2025;Despesa;Bebidas niver Balão;Bar / Restaurante / Churrasco;Extra;À Vista;Débito Nubank;;OK;30,9;-;Março;2025
1016;16/03/2025;Despesa;Café da manhã pós Corrida;Gastos Gerais Corrida;Extra;À Vista;Débito Nubank;;OK;20;-;Março;2025
1017;16/03/2025;Despesa;Fotos Corrida Track&fField;Gastos Gerais Corrida;Extra;À Vista;Débito Nubank;;OK;50,48;-;Março;2025
1018;17/03/2025;Despesa;Inscrição Calipal;Gastos Gerais Corrida;Não Essencial;À Vista;Pix;;OK;101;Pix para Anamélia;Março;2025
1019;17/03/2025;Despesa;Café da manhã Prova;Gastos Gerais Corrida;Extra;À Vista;Pix;;OK;15;Pix para Victor Giz;Março;2025
1020;19/03/2025;Despesa;Complemento + IPVA;Transporte;Essencial;À Vista;Débito Nubank;;OK;230;-;Março;2025
1021;21/03/2025;Despesa;Vivo Controle;Contas Fixas;Essencial;À Vista;Débito Santander;;OK;96,11;-;Março;2025
1022;21/03/2025;Despesa;Combustível para Sertãozinho;Transporte;Extra;À Vista;Débito Nubank;;OK;50;-;Março;2025
1023;21/03/2025;Despesa;Savegnago - Comidas Jantar Niver ;Gastos Extras / Diversos;Extra;À Vista;Débito Nubank;;OK;285,72;-;Março;2025
1024;21/03/2025;Despesa;Padaria Nilza - Suco Jantar Niver ;Gastos Extras / Diversos;Extra;À Vista;Débito Nubank;;OK;42,7;-;Março;2025
1025;28/03/2025;Despesa;Remédios pro pé;Saúde;Extra;À Vista;Débito Nubank;;OK;75,99;-;Março;2025
1026;28/03/2025;Despesa;Bolo Aniversário Leo;Gastos Extras / Diversos;Extra;À Vista;Débito Nubank;;OK;40;-;Março;2025
1027;28/03/2025;Despesa;Água com Gás;Gastos Extras / Diversos;Extra;À Vista;Débito Nubank;;OK;6;-;Março;2025
1028;28/03/2025;Despesa;Combustível para Sertãozinho;Transporte;Extra;À Vista;Débito Nubank;;OK;70;-;Março;2025
1029;29/03/2025;Despesa;Presente Edna;Gastos Extras / Diversos;Extra;À Vista;Débito Nubank;;OK;150;-;Março;2025
1030;29/03/2025;Despesa;Corte de Cabelo;Cuidados Pessoais;Extra;À Vista;Débito Nubank;;OK;28;-;Março;2025
1031;01/04/2025;Receita;Salário;Entrada;;;;;OK;4995,68;-;Abril;2025
1032;31/03/2025;Sobra;Sobra Março 2025;Entrada;;;;;OK;1,424;-;Abril;2025
1033;01/04/2025;Receita;Pix Leo;Entrada;;;;;OK;14;-;Abril;2025
1034;15/04/2025;Receita;Pix Joyce;Entrada;;;;;OK;290;-;Abril;2025
1035;27/02/2025;Despesa;Pacote Premiere;Entretenimento;Essencial;Parcelado;Crédito Nubank;12 de 12;OK;29,9;Parcela 12/12 - Pago dia 01/04/2025;Abril;2025
1036;27/02/2025;Despesa;Viagem para BH;Viagens;Não Essencial;Parcelado;Crédito Nubank;9 de 10;OK;49,638;Parcela 9/10 - Pago dia 01/04/2025;Abril;2025
1037;27/02/2025;Despesa;Camisas Baw;Roupas e Calçados;Não Essencial;Parcelado;Crédito Nubank;9 de 10;OK;72,198;Parcela 9/10 - Pago dia 01/04/2025;Abril;2025
1038;27/02/2025;Despesa;Perfume CH ;Cuidados Pessoais;Essencial;Parcelado;Crédito Nubank;8 de 10;OK;46,2;Parcela 8/10 - Pago dia 01/04/2025;Abril;2025
1039;27/02/2025;Despesa;Compra Diversa Amazon;Gastos Extras / Diversos;Não Essencial;Parcelado;Crédito Nubank;6 de 10;OK;75,91;Parcela 6/10 - Pago dia 01/04/2025;Abril;2025
1040;27/02/2025;Despesa;Presente de Natal dos Meninos;Gastos Extras / Diversos;Não Essencial;Parcelado;Crédito Nubank;4 de 6;OK;66,3;Parcela 4/6 - Pago dia 01/04/2025;Abril;2025
1041;27/02/2025;Despesa;Sungas e Óculos de Natação;Gastos Gerais Corrida;Extra;Parcelado;Crédito Nubank;3 de 3;OK;84,39;Parcela 3/3 - Pago dia 01/04/2025;Abril;2025
1042;27/02/2025;Despesa;Carregadores Aliexpress;Gastos Extras / Diversos;Não Essencial;Parcelado;Crédito Nubank;3 de 4;OK;43,49;Parcela 3/4 - Pago dia 01/04/2025;Abril;2025
1043;23/10/2024;Despesa;Whey Growth;Gastos Extras / Diversos;Não Essencial;Parcelado;Crédito Santander;5 de 5;OK;50,78;Parcela 5/5 - Pago dia 01/04/2025;Abril;2025
1044;27/11/2024;Despesa;Peças Conserto Carro;Transporte;Essencial;Parcelado;Crédito Santander;4 de 4;OK;114,75;Parcela 4/4 - Pago dia 01/04/2025;Abril;2025
1045;24/01/2025;Despesa;Som Carro;Transporte;Não Essencial;Parcelado;Crédito Santander;2 de 10;OK;57,38;Parcela 2/10 - Pago dia 01/04/2025;Abril;2025
1046;28/02/2025;Despesa;Apple Storage;Entretenimento;Extra;À Vista;Crédito Nubank;;OK;4,9;Pago dia 01/04/2025;Abril;2025
1047;28/02/2025;Despesa;Combustível Sertãozinho 28/02/25;Transporte;Extra;À Vista;Crédito Nubank;;OK;70;Pago dia 01/04/2025;Abril;2025
1048;01/03/2025;Despesa;Bebidas Aniversario Natalia;Bar / Restaurante / Churrasco;Extra;À Vista;Crédito Nubank;;OK;57,44;Pago dia 01/04/2025;Abril;2025
1049;02/03/2025;Despesa;Mensalidade Mar. Cardiofísico;Saúde;Essencial;À Vista;Crédito Nubank;;OK;117;Pago dia 01/04/2025;Abril;2025
1050;04/03/2025;Despesa;Amazon Prime;Entretenimento;Essencial;À Vista;Crédito Nubank;;OK;19,9;Pago dia 01/04/2025;Abril;2025
1051;10/03/2025;Despesa;Assinatura Anual Strava;Gastos Gerais Corrida;Não Essencial;À Vista;Crédito Nubank;;OK;149,9;Pago dia 01/04/2025;Abril;2025
1052;11/03/2025;Despesa;HBO Max;Entretenimento;Essencial;À Vista;Crédito Nubank;;OK;33,91;Pago dia 01/04/2025;Abril;2025
1053;19/03/2025;Despesa;Uber pós torção do pé;Gastos Extras / Diversos;Extra;À Vista;Crédito Nubank;;OK;14,92;Pago dia 01/04/2025;Abril;2025
1054;24/03/2025;Despesa;Google Storage;Entretenimento;Extra;À Vista;Crédito Nubank;;OK;9,99;Pago dia 01/04/2025;Abril;2025
1055;25/03/2025;Despesa;Spotify;Entretenimento;Essencial;À Vista;Crédito Nubank;;OK;27,9;Pago dia 01/04/2025;Abril;2025
1056;27/03/2025;Despesa;Apple Storage;Entretenimento;Extra;À Vista;Crédito Nubank;;OK;4,9;Pago dia 01/04/2025;Abril;2025
1057;01/04/2025;Despesa;Instalação do Ar Condicionado;Reposição Reserva;Essencial;Parcelado;Débito Nubank;4 de 10;OK;70;4/10 - Reposição dinheiro resgatado;Abril;2025
1058;01/04/2025;Despesa;Relógio Garmin;Reposição Reserva;Essencial;Parcelado;Débito Nubank;4 de 10;OK;210;4/10 - Reposição dinheiro resgatado;Abril;2025
1059;01/04/2025;Despesa;Celular;Reposição Reserva;Essencial;Parcelado;Débito Nubank;4 de 12;OK;200;4/12 - Reposição dinheiro resgatado;Abril;2025
1060;01/04/2025;Despesa;Taxa Visto EUA;Reposição Reserva;Essencial;Parcelado;Débito Nubank;3 de 10;OK;115;3/10 - Reposição dinheiro resgatado;Abril;2025
1061;01/04/2025;Despesa;Passagem Aérea Florianópolis;Reposição Reserva;Essencial;Parcelado;Débito Nubank;1 de 10;OK;74;1/10 - Reposição dinheiro resgatado;Abril;2025
1062;01/04/2025;Despesa;Tenis New Balance - EUA;Reposição Reserva;Essencial;Parcelado;Débito Nubank;1 de 10;OK;152;1/10 - Reposição dinheiro resgatado;Abril;2025
1063;01/04/2025;Despesa;Cartão de Crédito BTG;Gastos Gerais Corrida;Extra;À Vista;Débito Nubank;;OK;93;Pagamento Fatura CC BTG;Abril;2025
1064;01/04/2025;Despesa;Fies;Contas Fixas;Essencial;À Vista;Boleto;;OK;208,19;-;Abril;2025
1065;01/04/2025;Despesa;Mensalidade Corregiz;Gastos Gerais Corrida;Essencial;À Vista;Pix;;OK;90;Pix para Victor Giz;Abril;2025
1066;01/04/2025;Despesa;Ração Cachorras;Gastos Extras / Diversos;Não Essencial;À Vista;Pix;;OK;120;Pix para Edna;Abril;2025
1067;01/04/2025;Despesa;Reforma Igreja;Contas Fixas;Essencial;À Vista;Pix;;OK;30;Pix para Edna;Abril;2025
1068;01/04/2025;Despesa;Dente da Mãe;Saúde;Essencial;Parcelado;Pix;6 de 10;OK;125;Pix para Edna - Parcela 6/10;Abril;2025
1069;01/04/2025;Despesa;Pedágios Carro Edna;Transporte;Extra;À Vista;Pix;;OK;100;Pix para Edna;Abril;2025
1070;01/04/2025;Despesa;Enviado para o BTG;Poupado / Investimento;Essencial;À Vista;Transf. BTG;;OK;1000;-;Abril;2025
1071;03/04/2025;Despesa;Presente Aniversário Miguel;Gastos Extras / Diversos;Extra;À Vista;Pix;;OK;125;Pix para Guilherme;Abril;2025
1072;05/04/2025;Despesa;Bebidas churrasco Ligeiro;Bar / Restaurante / Churrasco;Extra;À Vista;Débito Nubank;;OK;30,9;-;Abril;2025
1073;05/04/2025;Despesa;Salgado pós Natação;Gastos Extras / Diversos;Extra;À Vista;Débito Nubank;;OK;18;-;Abril;2025
1074;05/04/2025;Despesa;Combustível Sábado;Transporte;Extra;À Vista;Débito Nubank;;OK;15;-;Abril;2025
1075;05/04/2025;Despesa;Jantar Sábado - Terraço ;Bar / Restaurante / Churrasco;Extra;À Vista;Débito Nubank;;OK;227,96;-;Abril;2025
1076;06/04/2025;Despesa;Pastel pós Corrida;Gastos Extras / Diversos;Extra;À Vista;Débito Nubank;;OK;16;-;Abril;2025
1077;07/04/2025;Despesa;Carne churrasco Ligeiro;Bar / Restaurante / Churrasco;Extra;À Vista;Pix;;OK;35;Pix para Ligeiro;Abril;2025
1078;07/04/2025;Despesa;Abrapec;Gastos Extras / Diversos;Extra;À Vista;Pix;;OK;23;Pix para Abrapec;Abril;2025
1079;13/04/2025;Despesa;Padaria pós Missa de Ramos;Gastos Extras / Diversos;Extra;À Vista;Débito Nubank;;OK;59,44;-;Abril;2025
1080;13/04/2025;Despesa;Gás e Mercado;Gastos Extras / Diversos;Extra;À Vista;Débito Nubank;;OK;132,5;-;Abril;2025
1081;13/04/2025;Despesa;Farmácia - Salompas;Saúde;Não Essencial;À Vista;Débito Nubank;;OK;34,96;-;Abril;2025
1082;16/04/2025;Despesa;IPVA 4ª parcela;Transporte;Essencial;À Vista;Débito Santander;;OK;230;-;Abril;2025
1083;17/04/2025;Despesa;Combustível Sertãozinho;Transporte;Extra;À Vista;Débito Nubank;;OK;70;-;Abril;2025
1084;19/04/2025;Despesa;Sushi pós Páscoa;Bar / Restaurante / Churrasco;Extra;À Vista;Débito Nubank;;OK;99,99;-;Abril;2025
1085;19/04/2025;Despesa;Água com gás Jantar Páscoa;Bar / Restaurante / Churrasco;Extra;À Vista;Débito Nubank;;OK;11;-;Abril;2025
1086;22/04/2025;Despesa;Salgadinho esperandoa Joyce - Posto;Gastos Extras / Diversos;Extra;À Vista;Débito Nubank;;OK;8,98;-;Abril;2025
1087;22/04/2025;Despesa;Vivo Controle;Contas Fixas;Essencial;À Vista;Débito Santander;;OK;95;-;Abril;2025
1088;25/04/2025;Despesa;Gordinho Lanches - Sexta Feira;Bar / Restaurante / Churrasco;Extra;À Vista;Débito Nubank;;OK;68;-;Abril;2025
1089;26/04/2025;Despesa;Bebidas aniversário Anamélia;Bar / Restaurante / Churrasco;Extra;À Vista;Débito Nubank;;OK;54,65;-;Abril;2025
1090;27/04/2025;Despesa;Compras Supermercado ;Gastos Extras / Diversos;Extra;À Vista;Débito Nubank;;OK;78,15;-;Abril;2025
1091;27/04/2025;Despesa;Ajuda supermercado ;Gastos Extras / Diversos;Extra;À Vista;Pix;;OK;15;Pix para Fernando Lorente;Abril;2025
1092;29/04/2025;Despesa;Carnes aniversário Anamélia;Bar / Restaurante / Churrasco;Extra;À Vista;Pix;;OK;25;Pix para Daniela Veiga;Abril;2025
1093;30/04/2025;Despesa;Açaí Quarta feira;Bar / Restaurante / Churrasco;Extra;À Vista;Pix;;OK;32,99;Pix Ifood;Abril;2025
1094;01/05/2025;Receita;Salário;Entrada;;;;;OK;5022,42;-;Maio;2025
1095;30/04/2025;Sobra;Sobra Abril 2025;Entrada;;;;;OK;5,698;-;Maio;2025
1096;01/05/2025;Receita;Pix Leo;Entrada;;;;;OK;14;-;Maio;2025
1097;10/05/2025;Receita;Pix Joyce;Entrada;;;;;OK;250;-;Maio;2025
1098;30/03/2025;Despesa;Viagem para BH;Viagens;Não Essencial;Parcelado;Crédito Nubank;10 de 10;OK;49,63;Parcela 10/10 - Pago dia 05/05/2025;Maio;2025
1099;30/03/2025;Despesa;Camisas Baw;Roupas e Calçados;Não Essencial;Parcelado;Crédito Nubank;10 de 10;OK;72,198;Parcela 10/10 - Pago dia 05/05/2025;Maio;2025
1100;30/03/2025;Despesa;Perfume CH ;Cuidados Pessoais;Essencial;Parcelado;Crédito Nubank;9 de 10;OK;46,2;Parcela 9/10 - Pago dia 05/05/2025;Maio;2025
1101;30/03/2025;Despesa;Compra Diversa Amazon;Gastos Extras / Diversos;Não Essencial;Parcelado;Crédito Nubank;7 de 10;OK;75,87;Parcela 7/10 - Pago dia 05/05/2025;Maio;2025
1102;30/03/2025;Despesa;Presente de Natal dos Meninos;Gastos Extras / Diversos;Não Essencial;Parcelado;Crédito Nubank;5 de 6;OK;66,26;Parcela 5/6 - Pago dia 05/05/2025;Maio;2025
1103;30/03/2025;Despesa;Carregadores Aliexpress;Gastos Extras / Diversos;Não Essencial;Parcelado;Crédito Nubank;3 de 4;OK;43,49;Parcela 3/4 - Pago dia 05/05/2025;Maio;2025
1104;24/01/2025;Despesa;Som Carro;Transporte;Não Essencial;Parcelado;Crédito Santander;3 de 10;OK;57,29;Parcela 3/10 - Pago dia 01/05/2025;Maio;2025
1105;28/03/2025;Despesa;Sem Parar;Transporte;Não Essencial;À Vista;Crédito Santander;;OK;50;Pago dia 01/05/2025;Maio;2025
1106;31/03/2025;Despesa;Seu Chico - Corregiz;Bar / Restaurante / Churrasco;Extra;À Vista;Crédito Nubank;;OK;64,9;Pago dia 05/05/2025;Maio;2025
1107;02/04/2025;Despesa;Mensalidade Abr. Cardiofísico;Saúde;Essencial;À Vista;Crédito Nubank;;OK;117;Pago dia 05/05/2025;Maio;2025
1108;02/04/2025;Despesa;Portão Cachorras;Gastos Extras / Diversos;Extra;Parcelado;Crédito Nubank;1 de 2;OK;62,49;Parcela 1/2 - Pago dia 05/05/2025;Maio;2025
1109;04/04/2025;Despesa;Amazon Prime;Entretenimento;Essencial;À Vista;Crédito Nubank;;OK;19,9;Pago dia 05/05/2025;Maio;2025
1110;07/04/2025;Despesa;Massageador / Suplementos DUX;Gastos Gerais Corrida;Não Essencial;Parcelado;Crédito Nubank;1 de 5;OK;50,43;Parcela 1/5 - Pago dia 05/05/2025;Maio;2025
1111;13/04/2025;Despesa;Sorvetes Supermoni;Gastos Extras / Diversos;Extra;À Vista;Crédito Nubank;;OK;50,8;Pago dia 05/05/2025;Maio;2025
1112;11/04/2025;Despesa;HBO Max;Entretenimento;Essencial;À Vista;Crédito Nubank;;OK;33,91;Pago dia 05/05/2025;Maio;2025
1113;16/04/2025;Despesa;Pacote Premiere;Entretenimento;Essencial;Parcelado;Crédito Nubank;1 de 12;OK;29,9;Parcela 1/12 - Pago dia 05/05/2025;Maio;2025
1114;21/04/2025;Despesa;Google Storage;Entretenimento;Extra;À Vista;Crédito Nubank;;OK;9,99;Pago dia 05/05/2025;Maio;2025
1115;21/04/2025;Despesa;Combustível São Paulo;Transporte;Extra;À Vista;Crédito Nubank;;OK;212,07;Pago dia 05/05/2025;Maio;2025
1116;24/04/2025;Despesa;Spotify;Entretenimento;Essencial;À Vista;Crédito Nubank;;OK;27,9;Pago dia 05/05/2025;Maio;2025
1117;27/04/2025;Despesa;Casa Dodo - Sábado;Bar / Restaurante / Churrasco;Extra;À Vista;Crédito Nubank;;OK;244,2;Pago dia 05/05/2025;Maio;2025
1118;27/04/2025;Despesa;Apple Storage;Entretenimento;Extra;À Vista;Crédito Nubank;;OK;4,9;Pago dia 05/05/2025;Maio;2025
1119;05/05/2025;Despesa;Instalação do Ar Condicionado;Reposição Reserva;Essencial;Parcelado;Débito Nubank;5 de 10;OK;70;5/10 - Reposição dinheiro resgatado;Maio;2025
1120;05/05/2025;Despesa;Relógio Garmin;Reposição Reserva;Essencial;Parcelado;Débito Nubank;5 de 10;OK;210;5/10 - Reposição dinheiro resgatado;Maio;2025
1121;05/05/2025;Despesa;Celular;Reposição Reserva;Essencial;Parcelado;Débito Nubank;5 de 12;OK;200;5/12 - Reposição dinheiro resgatado;Maio;2025
1122;05/05/2025;Despesa;Taxa Visto EUA;Reposição Reserva;Essencial;Parcelado;Débito Nubank;4 de 10;OK;115;4/10 - Reposição dinheiro resgatado;Maio;2025
1123;05/05/2025;Despesa;Passagem Aérea Florianópolis;Reposição Reserva;Essencial;Parcelado;Débito Nubank;2 de 10;OK;74;2/10 - Reposição dinheiro resgatado;Maio;2025
1124;05/05/2025;Despesa;Tenis New Balance - EUA;Reposição Reserva;Essencial;Parcelado;Débito Nubank;2 de 10;OK;152;2/10 - Reposição dinheiro resgatado;Maio;2025
1125;05/05/2025;Despesa;Cartão de Crédito BTG;Gastos Gerais Corrida;Extra;À Vista;Débito Nubank;;OK;86;Pagamento Fatura CC BTG;Maio;2025
1126;05/05/2025;Despesa;Fies;Contas Fixas;Essencial;À Vista;Boleto;;OK;208,19;-;Maio;2025
1127;05/05/2025;Despesa;Mensalidade Corregiz;Gastos Gerais Corrida;Essencial;À Vista;Pix;;OK;90;Pix para Victor Giz;Maio;2025
1128;05/05/2025;Despesa;Ração Cachorras;Gastos Extras / Diversos;Não Essencial;À Vista;Pix;;OK;120;Pix para Edna;Maio;2025
1129;05/05/2025;Despesa;Reforma Igreja;Contas Fixas;Essencial;À Vista;Pix;;OK;30;Pix para Edna;Maio;2025
1130;05/05/2025;Despesa;Dente da Mãe;Saúde;Essencial;Parcelado;Pix;6 de 10;OK;125;Pix para Edna - Parcela 6/10;Maio;2025
1131;02/05/2025;Despesa;Combustível - Exame RP;Saúde;Extra;À Vista;Débito Santander;;OK;80;-;Maio;2025
1132;02/05/2025;Despesa;Café da manhã - Exame RP;Saúde;Extra;À Vista;Débito Santander;;OK;14,5;-;Maio;2025
1133;02/05/2025;Despesa;Estacionamento - Exame RP;Saúde;Extra;À Vista;Débito Santander;;OK;16;-;Maio;2025
1134;02/05/2025;Despesa;Almoço - Exame RP;Gastos Extras / Diversos;Extra;À Vista;Débito Santander;;OK;106,72;-;Maio;2025
1135;02/05/2025;Despesa;Estacionamento - Exame RP;Saúde;Extra;À Vista;Débito Santander;;OK;10;-;Maio;2025
1136;02/05/2025;Despesa;Bebidas Churrasco Leila;Bar / Restaurante / Churrasco;Extra;À Vista;Débito Santander;;OK;63,45;-;Maio;2025
1137;03/05/2025;Despesa;Salgados Supermercado Nova;Gastos Extras / Diversos;Extra;À Vista;Débito Santander;;OK;33,28;-;Maio;2025
1138;03/05/2025;Despesa;Churrasco Lamparelli;Bar / Restaurante / Churrasco;Extra;À Vista;Débito Santander;;OK;40;Pix para Lamparelli;Maio;2025
1139;05/05/2025;Despesa;Fisio - Combustível  - Sertãozinho;Saúde;Extra;À Vista;Débito Santander;;OK;50;-;Maio;2025
1140;07/05/2025;Despesa;Fisio - Combustível  - Sertãozinho;Saúde;Extra;À Vista;Débito Nubank;;OK;60;-;Maio;2025
1141;07/05/2025;Despesa;Lanche MC pós churrasco;Bar / Restaurante / Churrasco;Extra;À Vista;Pix;;OK;36;Pix para Maria Claudia;Maio;2025
1142;08/05/2025;Despesa;Ajuda Abrapec;Gastos Extras / Diversos;Extra;À Vista;Pix;;OK;20;Pix para Abrapec;Maio;2025
1143;09/05/2025;Despesa;Fisio - Combustível  - Sertãozinho;Saúde;Extra;À Vista;Débito Nubank;;OK;50;-;Maio;2025
1144;10/05/2025;Despesa;Retorno Nutricionista;Saúde;Essencial;À Vista;Pix;;OK;100;Pix para Hianka;Maio;2025
1145;10/05/2025;Despesa;Massagem Vanessa;Cuidados Pessoais;Não Essencial;À Vista;Pix;;OK;95;Pix para Vanessa;Maio;2025
1146;10/05/2025;Despesa;Jantar Sábado - Up Sushi;Bar / Restaurante / Churrasco;Extra;À Vista;Débito Nubank;;OK;129,98;-;Maio;2025
1147;11/05/2025;Despesa;Capinha Celular;Gastos Extras / Diversos;Extra;À Vista;Débito Nubank;;OK;70;-;Maio;2025
1148;11/05/2025;Despesa;Fisio - Combustível  - Sertãozinho;Saúde;Extra;À Vista;Débito Nubank;;OK;70;-;Maio;2025
1149;12/05/2025;Despesa;Protetor orelha natação;Gastos Gerais Corrida;Extra;À Vista;Pix;;OK;46,88;Pix para Shopee;Maio;2025
1150;12/05/2025;Despesa;Fisio - Combustível  - Sertãozinho;Saúde;Extra;À Vista;Débito Nubank;;OK;60;-;Maio;2025
1151;14/05/2025;Despesa;Combustível São Paulo;Transporte;Extra;À Vista;Débito Nubank;;OK;121,99;-;Maio;2025
1152;15/05/2025;Despesa;Bebidas viagem São Paulo;Gastos Extras / Diversos;Extra;À Vista;Débito Nubank;;OK;35,47;-;Maio;2025
1153;15/05/2025;Despesa;Café da manhã - Aeroporto SP;Bar / Restaurante / Churrasco;Extra;À Vista;Débito Nubank;;OK;24,86;-;Maio;2025
1154;15/05/2025;Despesa;Almoço - São Paulo;Bar / Restaurante / Churrasco;Extra;À Vista;Débito Nubank;;OK;43,4;-;Maio;2025
1155;16/05/2025;Despesa;Fisio - Combustível  - Sertãozinho;Saúde;Extra;À Vista;Débito Nubank;;OK;60;-;Maio;2025
1156;17/05/2025;Despesa;Jantar Sábado - Pizzaria N°1;Bar / Restaurante / Churrasco;Extra;À Vista;Débito Nubank;;OK;75;-;Maio;2025
1157;19/05/2025;Despesa;Salgado pós pegar exames RP;Gastos Extras / Diversos;Extra;À Vista;Débito Nubank;;OK;19;-;Maio;2025
1158;20/05/2025;Despesa;Fisio - Combustível  - Sertãozinho;Saúde;Extra;À Vista;Débito Nubank;;OK;60;-;Maio;2025
1159;20/05/2025;Despesa;Complemento + IPVA;Transporte;Essencial;À Vista;Débito Nubank;;OK;230;-;Maio;2025
1160;21/05/2025;Despesa;Vivo Controle;Contas Fixas;Essencial;À Vista;Débito Santander;;OK;95;-;Maio;2025
1161;21/05/2025;Despesa;Fisio - Combustível  - Sertãozinho;Saúde;Extra;À Vista;Débito Nubank;;OK;50;-;Maio;2025
1162;23/05/2025;Despesa;Ajuda Ong Pata e Garras;Gastos Extras / Diversos;Extra;À Vista;Pix;;OK;20;Pix para Carol Ong;Maio;2025
1163;23/05/2025;Despesa;Troca Modalidade Maratona Floripa;Gastos Gerais Corrida;Extra;À Vista;Pix;;OK;30;Pix para Grupo STC;Maio;2025
1164;24/05/2025;Despesa;Jantar Sábado - Salgar;Bar / Restaurante / Churrasco;Extra;À Vista;Débito Nubank;;OK;185;-;Maio;2025
1165;25/05/2025;Despesa;Gatorade pós Corrida;Gastos Gerais Corrida;Extra;À Vista;Débito Nubank;;OK;9,49;-;Maio;2025
1166;25/05/2025;Despesa;Café da Manhã pós corrida;Bar / Restaurante / Churrasco;Extra;À Vista;Débito Nubank;;OK;46,4;-;Maio;2025
1167;28/05/2025;Despesa;Fisio - Combustível  - Sertãozinho;Saúde;Extra;À Vista;Débito Nubank;;OK;80;-;Maio;2025
1168;28/05/2025;Despesa;Estacionamento - Exame Sertãzinho;Gastos Extras / Diversos;Extra;À Vista;Débito Nubank;;OK;8;-;Maio;2025
1169;30/05/2025;Despesa;Bebidas Churrasco Sexta;Bar / Restaurante / Churrasco;Extra;À Vista;Débito Nubank;;OK;47,88;-;Maio;2025
1170;01/06/2025;Receita;Salário;Entrada;;;;;OK;5059,09;-;Junho;2025
1171;31/05/2025;Sobra;Sobra Maio 2025;Entrada;;;;;OK;29,3;-;Junho;2025
1172;01/06/2025;Receita;Pix Leo;Entrada;;;;;OK;14;-;Junho;2025
1173;29/04/2025;Despesa;Perfume CH ;Cuidados Pessoais;Essencial;Parcelado;Crédito Nubank;10 de 10;OK;46,2;Parcela 10/10 - Pago dia 02/06/2025;Junho;2025
1174;29/04/2025;Despesa;Compra Diversa Amazon;Gastos Extras / Diversos;Não Essencial;Parcelado;Crédito Nubank;8 de 10;OK;75,87;Parcela 8/10 - Pago dia 02/06/2025;Junho;2025
1175;29/04/2025;Despesa;Presente de Natal dos Meninos;Gastos Extras / Diversos;Não Essencial;Parcelado;Crédito Nubank;6 de 6;OK;66,26;Parcela 6/6 - Pago dia 02/06/2025;Junho;2025
1176;24/01/2025;Despesa;Som Carro;Transporte;Não Essencial;Parcelado;Crédito Santander;4 de 10;OK;57,29;Parcela 4/10 - Pago dia 01/06/2025;Junho;2025
1177;29/04/2025;Despesa;Portão Cachorras;Gastos Extras / Diversos;Extra;À Vista;Crédito Nubank;;OK;62,49;Pago dia 02/06/2025;Junho;2025
1178;29/04/2025;Despesa;Pacote Premiere;Entretenimento;Essencial;Parcelado;Crédito Nubank;2 de 12;OK;29,9;Parcela 2/12 - Pago dia 02/06/2025;Junho;2025
1179;07/04/2025;Despesa;Massageador / Suplementos DUX;Gastos Gerais Corrida;Não Essencial;Parcelado;Crédito Nubank;2 de 5;OK;50,422;Parcela 2/5 - Pago dia 02/06/2025;Junho;2025
1180;03/05/2025;Despesa;Ração Cachoras;Contas Fixas;Essencial;Parcelado;Crédito Nubank;1 de 3;OK;134,78;Parcela 1/3 - Pago dia 02/06/2025;Junho;2025
1181;05/05/2025;Despesa;Amazon Prime;Entretenimento;Essencial;À Vista;Crédito Nubank;;OK;19,9;Pago dia 02/06/2025;Junho;2025
1182;03/05/2025;Despesa;Mensalidade Junho Cardiofísico;Saúde;Essencial;À Vista;Crédito Nubank;;OK;117;Pago dia 02/06/2025;Junho;2025
1183;12/05/2025;Despesa;HBO Max;Entretenimento;Essencial;À Vista;Crédito Nubank;;OK;33,91;Pago dia 02/06/2025;Junho;2025
1184;12/05/2025;Despesa;Fisio - Combustível  - Sertãozinho;Saúde;Extra;À Vista;Crédito Santander;;OK;50;Pago dia 01/06/2025;Junho;2025
1185;14/05/2025;Despesa;Presente Dia das Mães;Gastos Extras / Diversos;Extra;Parcelado;Crédito Nubank;1 de 2;OK;90;Parcela 1/2 - Pago dia 02/06/2025;Junho;2025
1186;20/05/2025;Despesa;Whey e Cretina - Mercado Livre;Gastos Gerais Corrida;Extra;Parcelado;Crédito Nubank;1 de 4;OK;42,91;Parcela 1/4 - Pago dia 02/06/2025;Junho;2025
1187;20/05/2025;Despesa;Sem Parar;Transporte;Não Essencial;À Vista;Crédito Santander;;OK;50;Pago dia 01/06/2025;Junho;2025
1188;21/05/2025;Despesa;Google Storage;Entretenimento;Extra;À Vista;Crédito Nubank;;OK;9,99;Pago dia 02/06/2025;Junho;2025
1189;21/05/2025;Despesa;Sem Parar;Transporte;Não Essencial;À Vista;Crédito Santander;;OK;50;Pago dia 01/06/2025;Junho;2025
1190;22/05/2025;Despesa;Paramount+;Entretenimento;Extra;À Vista;Crédito Nubank;;OK;27,9;Pago dia 02/06/2025;Junho;2025
1191;24/05/2025;Despesa;Spotify;Entretenimento;Essencial;À Vista;Crédito Nubank;;OK;27,9;Pago dia 02/06/2025;Junho;2025
1192;27/05/2025;Despesa;Apple Storage;Entretenimento;Extra;À Vista;Crédito Nubank;;OK;4,9;Pago dia 02/06/2025;Junho;2025
1193;02/06/2025;Despesa;Instalação do Ar Condicionado;Reposição Reserva;Essencial;Parcelado;Débito Nubank;6 de 10;OK;70;6/10 - Reposição dinheiro resgatado;Junho;2025
1194;02/06/2025;Despesa;Relógio Garmin;Reposição Reserva;Essencial;Parcelado;Débito Nubank;6 de 10;OK;210;6/10 - Reposição dinheiro resgatado;Junho;2025
1195;02/06/2025;Despesa;Celular;Reposição Reserva;Essencial;Parcelado;Débito Nubank;6 de 12;OK;200;6/12 - Reposição dinheiro resgatado;Junho;2025
1196;02/06/2025;Despesa;Taxa Visto EUA;Reposição Reserva;Essencial;Parcelado;Débito Nubank;5 de 10;OK;115;5/10 - Reposição dinheiro resgatado;Junho;2025
1197;02/06/2025;Despesa;Passagem Aérea Florianópolis;Reposição Reserva;Essencial;Parcelado;Débito Nubank;3 de 10;OK;74;3/10 - Reposição dinheiro resgatado;Junho;2025
1198;02/06/2025;Despesa;Tenis New Balance - EUA;Reposição Reserva;Essencial;Parcelado;Débito Nubank;3 de 10;OK;152;3/10 - Reposição dinheiro resgatado;Junho;2025
1199;02/06/2025;Despesa;Cartão de Crédito BTG;Gastos Gerais Corrida;Extra;À Vista;Débito Nubank;;OK;75;Pagamento Fatura CC BTG;Junho;2025
1200;02/06/2025;Despesa;Fies;Contas Fixas;Essencial;À Vista;Boleto;;OK;208,19;-;Junho;2025
1201;02/06/2025;Despesa;Mensalidade Corregiz;Gastos Gerais Corrida;Essencial;À Vista;Pix;;OK;90;Pix para Victor Giz;Junho;2025
1202;02/06/2025;Despesa;Banho Cachorras;Gastos Extras / Diversos;Não Essencial;À Vista;Pix;;OK;120;Pix para Edna;Junho;2025
1203;02/06/2025;Despesa;Reforma Igreja;Contas Fixas;Essencial;À Vista;Pix;;OK;30;Pix para Edna;Junho;2025
1204;02/06/2025;Despesa;Dente da Mãe;Saúde;Essencial;Parcelado;Pix;7 de 10;OK;125;Pix para Edna - Parcela 7/10;Junho;2025
1205;02/06/2025;Despesa;Veterinária/Remédio Cachorras;Contas Fixas;Essencial;À Vista;Pix;;OK;104;Pix para Edna;Junho;2025
1206;02/06/2025;Despesa;Remédio Cúrcuma;Saúde;Não Essencial;À Vista;Pix;;OK;40;Pix para Edna;Junho;2025
1207;02/06/2025;Despesa;Pedágios Carro Edna;Gastos Extras / Diversos;Extra;À Vista;Pix;;OK;200;Pix para Edna;Junho;2025
1208;02/06/2025;Despesa;Bolão Quina de São João;Gastos Extras / Diversos;Extra;À Vista;Pix;;OK;30;Pix para Jeferson Moro;Junho;2025
1209;05/06/2025;Despesa;Pizza N°1 após missa na Quinta;Bar / Restaurante / Churrasco;Extra;À Vista;Débito Nubank;;OK;43;-;Junho;2025
1210;06/06/2025;Despesa;Fisio - Combustível  - Sertãozinho;Saúde;Extra;À Vista;Débito Nubank;;OK;60;-;Junho;2025
1211;06/06/2025;Despesa;Inscrição Corrida SH;Gastos Gerais Corrida;Não Essencial;À Vista;Pix;;OK;50;Pix para Maria Clara SH;Junho;2025
1212;07/06/2025;Despesa;Corte de Cabelo;Cuidados Pessoais;Não Essencial;À Vista;Pix;;OK;30;Pix para Maurício;Junho;2025
1213;07/06/2025;Despesa;Salgado pós doação de Sangue;Gastos Extras / Diversos;Extra;À Vista;Débito Nubank;;OK;22;-;Junho;2025
1214;09/06/2025;Despesa;Presente Joyce;Gastos Extras / Diversos;Extra;À Vista;Pix;;OK;131,42;Pix para Shopee;Junho;2025
1215;10/06/2025;Despesa;Massas Elisa;Gastos Extras / Diversos;Extra;À Vista;Pix;;OK;60;Pix para Luciana;Junho;2025
1216;10/06/2025;Despesa;Presente Leticia PPCM;Gastos Extras / Diversos;Extra;À Vista;Pix;;OK;8;Pix para Carol PPCM;Junho;2025
1217;13/06/2025;Despesa;Combustível Sertãozinho;Transporte;Extra;À Vista;Débito Nubank;;OK;60;-;Junho;2025
1218;13/06/2025;Despesa;Janta Sexta Feira - Dedão;Bar / Restaurante / Churrasco;Extra;À Vista;Pix;;OK;160;Pix para Dedão;Junho;2025
1219;14/06/2025;Despesa;Janta Sábado - Pizza N°1;Bar / Restaurante / Churrasco;Extra;À Vista;Débito Nubank;;OK;159;-;Junho;2025
1220;16/06/2025;Despesa;Janta Aniversário Joyce;Bar / Restaurante / Churrasco;Extra;À Vista;Débito Nubank;;OK;103,09;-;Junho;2025
1221;16/06/2025;Despesa;Água no posto esperando Joyce;Gastos Extras / Diversos;Extra;À Vista;Débito Nubank;;OK;3,5;-;Junho;2025
1222;20/06/2025;Despesa;Combustível Araraquara;Transporte;Extra;À Vista;Débito Nubank;;OK;80;-;Junho;2025
1223;21/06/2025;Despesa;Festa Junina Nipo;Bar / Restaurante / Churrasco;Extra;À Vista;Débito Nubank;;OK;83;-;Junho;2025
1224;21/06/2025;Despesa;Vivo Controle;Contas Fixas;Essencial;À Vista;Débito Santander;;OK;95,8;-;Junho;2025
1225;21/06/2025;Despesa;Retorno Nutricionista;Saúde;Essencial;À Vista;Pix;;OK;100;Pix para Hianka;Junho;2025
1226;25/06/2025;Despesa;Camiseta Peregrinação;Gastos Extras / Diversos;Extra;À Vista;Pix;;OK;60;Pix para Henrique Barbieri;Junho;2025
1227;27/06/2025;Despesa;Combustível Sertãozinho;Transporte;Extra;À Vista;Débito Nubank;;OK;60;-;Junho;2025
1228;27/06/2025;Despesa;Ingresso Senhor Boteco;Bar / Restaurante / Churrasco;Extra;À Vista;Pix;;OK;22;Pix para Léo;Junho;2025
1229;28/06/2025;Despesa;Bebidas e  Petiscos - Jogo Palmeiras;Bar / Restaurante / Churrasco;Extra;À Vista;Débito Nubank;;OK;225,53;-;Junho;2025
1230;01/07/2025;Receita;Salário;Entrada;;;;;OK;4980,94;-;Julho;2025
1231;30/06/2025;Sobra;Sobra Junho 2025;Entrada;;;;;OK;595,238;-;Julho;2025
1232;02/07/2025;Receita;Pix Léo;Entrada;;;;;OK;14;-;Julho;2025
1233;07/07/2025;Receita;Pix Luciene Giz;Entrada;;;;;OK;150;-;Julho;2025
1234;10/07/2025;Receita;PPR + Bônus ;Entrada;;;;;OK;2853,85;-;Julho;2025
1235;11/07/2025;Receita;Férias;Entrada;;;;;OK;1317,34;-;Julho;2025
1236;30/05/2025;Despesa;Compra Diversa Amazon;Gastos Extras / Diversos;Não Essencial;Parcelado;Crédito Nubank;9 de 10;OK;75,86;Parcela 9/10 - Pago dia 01/07/2025;Julho;2025
1237;24/01/2025;Despesa;Som Carro;Transporte;Não Essencial;Parcelado;Crédito Santander;5 de 10;OK;57,29;Parcela 5/10 - Pago dia 01/07/2025;Julho;2025
1238;30/05/2025;Despesa;Pacote Premiere;Entretenimento;Essencial;Parcelado;Crédito Nubank;3 de 12;OK;29,9;Parcela 3/12 - Pago dia 01/07/2025;Julho;2025
1239;30/05/2025;Despesa;Massageador / Suplementos DUX;Gastos Gerais Corrida;Não Essencial;Parcelado;Crédito Nubank;3 de 5;OK;50,422;Parcela 3/5 - Pago dia 01/07/2025;Julho;2025
1240;30/05/2025;Despesa;Ração Cachoras;Contas Fixas;Essencial;Parcelado;Crédito Nubank;2 de 3;OK;134,7666667;Parcela 2/3 - Pago dia 01/07/2025;Julho;2025
1241;20/05/2025;Despesa;Whey e Cretina - Mercado Livre;Gastos Gerais Corrida;Extra;Parcelado;Crédito Nubank;2 de 4;OK;42,88;Parcela 2/4 - Pago dia 01/07/2025;Julho;2025
1242;14/05/2025;Despesa;Presente Dia das Mães;Gastos Extras / Diversos;Extra;Parcelado;Crédito Nubank;2 de 2;OK;90;Parcela 2/2 - Pago dia 01/07/2025;Julho;2025
1243;01/06/2025;Despesa;Bebida Churrasco Feih;Bar / Restaurante / Churrasco;Extra;À Vista;Crédito Nubank;;OK;78,99;Pago dia 01/07/2025;Julho;2025
1244;02/06/2025;Despesa;Mensalidade Jun. Cardiofísico;Saúde;Essencial;À Vista;Crédito Nubank;;OK;117;Pago dia 01/07/2025;Julho;2025
1245;04/06/2025;Despesa;Amazon Prime;Entretenimento;Essencial;À Vista;Crédito Nubank;;OK;19,9;Pago dia 01/07/2025;Julho;2025
1246;06/06/2025;Despesa;Sem Parar;Transporte;Essencial;À Vista;Crédito Santander;;OK;50;Pago dia 01/07/2025;Julho;2025
1247;11/06/2025;Despesa;HBO Max;Entretenimento;Essencial;À Vista;Crédito Nubank;;OK;33,91;Pago dia 01/07/2025;Julho;2025
1248;13/06/2025;Despesa;Sem Parar;Transporte;Essencial;À Vista;Crédito Santander;;OK;50;Pago dia 01/07/2025;Julho;2025
1249;18/06/2026;Despesa;Parcela Pós-Graduação;Contas Fixas;Essencial;Parcelado;Crédito Nubank;1 de 18;OK;327,76;Parcela 1/18 - Pago dia 01/07/2025;Julho;2025
1250;21/06/2025;Despesa;Google Storage;Entretenimento;Extra;À Vista;Crédito Nubank;;OK;9,99;Pago dia 01/07/2025;Julho;2025
1251;22/06/2025;Despesa;Paramount+;Entretenimento;Extra;À Vista;Crédito Nubank;;OK;27,9;Pago dia 01/07/2025;Julho;2025
1252;25/06/2025;Despesa;Spotify;Entretenimento;Essencial;À Vista;Crédito Nubank;;OK;27,9;Pago dia 01/07/2025;Julho;2025
1253;27/06/2025;Despesa;Apple Storage;Entretenimento;Extra;À Vista;Crédito Nubank;;OK;5,9;Pago dia 01/07/2025;Julho;2025
1254;01/07/2025;Despesa;Instalação do Ar Condicionado;Reposição Reserva;Essencial;Parcelado;Débito Nubank;7 de 10;OK;70;7/10 - Reposição dinheiro resgatado;Julho;2025
1255;01/07/2025;Despesa;Relógio Garmin;Reposição Reserva;Essencial;Parcelado;Débito Nubank;7 de 10;OK;210;7/10 - Reposição dinheiro resgatado;Julho;2025
1256;01/07/2025;Despesa;Celular;Reposição Reserva;Essencial;Parcelado;Débito Nubank;7 de 12;OK;200;7/12 - Reposição dinheiro resgatado;Julho;2025
1257;01/07/2025;Despesa;Taxa Visto EUA;Reposição Reserva;Essencial;Parcelado;Débito Nubank;6 de 10;OK;115;6/10 - Reposição dinheiro resgatado;Julho;2025
1258;01/07/2025;Despesa;Passagem Aérea Florianópolis;Reposição Reserva;Essencial;Parcelado;Débito Nubank;4 de 10;OK;74;4/10 - Reposição dinheiro resgatado;Julho;2025
1259;01/07/2025;Despesa;Tenis New Balance - EUA;Reposição Reserva;Essencial;Parcelado;Débito Nubank;4 de 10;OK;152;4/10 - Reposição dinheiro resgatado;Julho;2025
1260;01/07/2025;Despesa;Cartão de Crédito BTG;Gastos Gerais Corrida;Extra;À Vista;Débito Nubank;;OK;92;Pagamento Fatura CC BTG;Julho;2025
1261;01/07/2025;Despesa;Fies;Contas Fixas;Essencial;À Vista;Boleto;;OK;208,19;-;Julho;2025
1262;01/07/2025;Despesa;Mensalidade Corregiz;Gastos Gerais Corrida;Essencial;À Vista;Pix;;OK;90;Pix para Victor Giz;Julho;2025
1263;01/07/2025;Despesa;Banho Cachorras;Gastos Extras / Diversos;Não Essencial;À Vista;Pix;;OK;120;Pix para Edna;Julho;2025
1264;01/07/2025;Despesa;Reforma Igreja;Contas Fixas;Essencial;À Vista;Pix;;OK;30;Pix para Edna;Julho;2025
1265;01/07/2025;Despesa;Dente da Mãe;Saúde;Essencial;Parcelado;Pix;8 de 10;OK;125;Pix para Edna - Parcela 8/10;Julho;2025
1266;01/07/2025;Despesa;Pagamento Taxa Passaporte ;Viagens;Não Essencial;À Vista;Boleto;;OK;257,25;-;Julho;2025
1267;02/07/2025;Despesa;Compras EUA;Gastos Extras / Diversos;Extra;À Vista;Pix;;OK;555;Pix para Guilherme;Julho;2025
1268;02/07/2025;Despesa;Camisetas Corregiz;Gastos Gerais Corrida;Extra;À Vista;Pix;;OK;105;Pix para Victor Giz;Julho;2025
1269;03/07/2025;Despesa;Whey  - Mercado Livre;Gastos Extras / Diversos;Extra;À Vista;Pix;;OK;152,92;Pix para Mercado Livre;Julho;2025
1270;04/07/2025;Despesa;Garrafinha Mercado Livre;Gastos Gerais Corrida;Extra;À Vista;Pix;;OK;51,2;Pix para Mercado Livre;Julho;2025
1271;04/07/2025;Despesa;Cerveja Savegnago - Palmeiras;Gastos Extras / Diversos;Extra;À Vista;Débito Nubank;;OK;96,21;-;Julho;2025
1272;05/07/2025;Despesa;Combustível;Transporte;Extra;À Vista;Débito Nubank;;OK;30;-;Julho;2025
1273;06/07/2025;Despesa;Bebida e Carne - Churrasco Balão;Bar / Restaurante / Churrasco;Extra;À Vista;Pix;;OK;90;Pix para Balão;Julho;2025
1274;08/07/2025;Despesa;Tapiocas APAE - Quitute;Bar / Restaurante / Churrasco;Extra;À Vista;;;OK;60;-;Julho;2025
1275;08/07/2025;Despesa;Ajuda Abrapec;Gastos Extras / Diversos;Extra;À Vista;Pix;;OK;20;Pix para Abrapec;Julho;2025
1276;10/07/2025;Despesa;Remédios Luis;Saúde;Essencial;À Vista;Pix;;OK;46;Pix para Edna;Julho;2025
1277;10/07/2025;Despesa;Investimento Binance (U$516,2);Poupado / Investimento;Essencial;À Vista;Pix;;OK;2850;Pix para Binance;Julho;2025
1278;11/07/2025;Despesa;Padaria Nilza - Edna;Gastos Extras / Diversos;Extra;À Vista;Débito Nubank;;OK;70,65;-;Julho;2025
1279;12/07/2025;Despesa;Bebida Churrasco Cesinha;Bar / Restaurante / Churrasco;Extra;À Vista;Débito Nubank;;OK;16,45;-;Julho;2025
1280;12/07/2025;Despesa;Festa do Quitute - Bebida;Bar / Restaurante / Churrasco;Extra;À Vista;Débito Nubank;;OK;8;-;Julho;2025
1281;12/07/2025;Despesa;Festa do Quitute - Bebida;Bar / Restaurante / Churrasco;Extra;À Vista;Débito Nubank;;OK;10;-;Julho;2025
1282;12/07/2025;Despesa;Festa do Quitute - Tapioca;Bar / Restaurante / Churrasco;Extra;À Vista;Débito Nubank;;OK;30;-;Julho;2025
1283;13/07/2025;Despesa;Festa do Quitute - Bebida;Bar / Restaurante / Churrasco;Extra;À Vista;Débito Nubank;;OK;8;-;Julho;2025
1284;13/07/2025;Despesa;Festa do Quitute - Bebida;Bar / Restaurante / Churrasco;Extra;À Vista;Débito Nubank;;OK;8;-;Julho;2025
1285;13/07/2025;Despesa;Doação Mulher Surda Quitute;Gastos Extras / Diversos;Extra;À Vista;Pix;;OK;5;Pix para Roberta;Julho;2025
1286;13/07/2025;Despesa;Festa do Quitute - Frango Frito;Bar / Restaurante / Churrasco;Extra;À Vista;Débito Nubank;;OK;45;-;Julho;2025
1287;13/07/2025;Despesa;Festa do Quitute - Doces;Bar / Restaurante / Churrasco;Extra;À Vista;Débito Nubank;;OK;39;-;Julho;2025
1288;13/07/2025;Despesa;Festa do Quitute - Doces;Bar / Restaurante / Churrasco;Extra;À Vista;Débito Nubank;;OK;27;-;Julho;2025
1289;14/07/2025;Despesa;Padaria Nilza - Edna;Gastos Extras / Diversos;Extra;À Vista;Débito Nubank;;OK;51,65;-;Julho;2025
1290;14/07/2025;Despesa;Licenciamento Polo;Transporte;Essencial;À Vista;Débito Santander;;OK;167,74;-;Julho;2025
1291;16/07/2025;Despesa;Festa do Quitute - Bebida;Bar / Restaurante / Churrasco;Extra;À Vista;Débito Nubank;;OK;20;-;Julho;2025
1292;16/07/2025;Despesa;Festa do Quitute - Bebida;Bar / Restaurante / Churrasco;Extra;À Vista;Débito Nubank;;OK;32;-;Julho;2025
1293;16/07/2025;Despesa;Festa do Quitute - Bebida;Bar / Restaurante / Churrasco;Extra;À Vista;Débito Nubank;;OK;24;-;Julho;2025
1294;16/07/2025;Despesa;Festa do Quitute - Doces;Bar / Restaurante / Churrasco;Extra;À Vista;Pix;;OK;90;Pix para Edna;Julho;2025
1295;17/07/2025;Despesa;Almoço Ribeirão - Bar do Nelson;Bar / Restaurante / Churrasco;Extra;À Vista;Débito Nubank;;OK;186,22;-;Julho;2025
1296;17/07/2025;Despesa;Estacionamento Shopping;Gastos Extras / Diversos;Extra;À Vista;Débito Nubank;;OK;12;-;Julho;2025
1297;18/07/2025;Despesa;Combustível Sertãozinho;Transporte;Extra;À Vista;Débito Nubank;;OK;50;-;Julho;2025
1298;18/07/2025;Despesa;Festa Junina Corregiz;Bar / Restaurante / Churrasco;Extra;À Vista;Débito Nubank;;OK;65;-;Julho;2025
1299;18/07/2025;Despesa;Bebidas Festa Junina;Bar / Restaurante / Churrasco;Extra;À Vista;Débito Nubank;;OK;28,17;-;Julho;2025
1300;19/07/2025;Despesa;Paulo Lanches com a Turma;Gastos Extras / Diversos;Extra;À Vista;Débito Nubank;;OK;54;-;Julho;2025
1301;19/07/2025;Despesa;Jantar Sábado - Salgar;Bar / Restaurante / Churrasco;Extra;À Vista;Débito Nubank;;OK;96;-;Julho;2025
1302;21/07/2025;Despesa;Vivo Controle;Contas Fixas;Essencial;À Vista;Débito Santander;;OK;100,65;-;Julho;2025
1303;23/07/2025;Despesa;Planilha de treino;Gastos Gerais Corrida;Extra;À Vista;Débito Nubank;;OK;19,9;-;Julho;2025
1304;24/07/2025;Despesa;Rifa Estevão;Gastos Extras / Diversos;Não Essencial;À Vista;Pix;;OK;100;Pix para Estevão;Julho;2025
1305;25/07/2025;Despesa;Compra massa de Pastel;Gastos Extras / Diversos;Extra;À Vista;Pix;;OK;20;Pix para Nilva;Julho;2025
1306;25/07/2025;Despesa;Carne para Churrasco Juliana;Bar / Restaurante / Churrasco;Extra;À Vista;Débito Nubank;;OK;89,9;-;Julho;2025
1307;25/07/2025;Despesa;Dinheiro para perigrinação Joyce;Gastos Extras / Diversos;Não Essencial;À Vista;Pix;;OK;600;Pix para Joyce;Julho;2025
1308;26/07/2025;Despesa;Bebidas Festa Casa Dodô;Bar / Restaurante / Churrasco;Extra;À Vista;Débito Nubank;;OK;100;-;Julho;2025
1309;26/07/2025;Despesa;Mc Donalds pós festa Casa Dodô;Bar / Restaurante / Churrasco;Extra;À Vista;Débito Nubank;;OK;89,7;-;Julho;2025
1310;27/07/2025;Despesa;Combustível Jaboticabal;Transporte;Extra;À Vista;Débito Nubank;;OK;40;-;Julho;2025
1311;27/07/2025;Despesa;Remédios Luis;Saúde;Extra;À Vista;Débito Nubank;;OK;75,76;-;Julho;2025
1312;29/07/2025;Despesa;Padaria Barbieri;Gastos Extras / Diversos;Extra;À Vista;Débito Nubank;;OK;13,59;-;Julho;2025
1313;30/07/2025;Despesa;Pilha Calculadora;Gastos Extras / Diversos;Extra;À Vista;Débito Nubank;;OK;2;-;Julho;2025
1314;31/07/2025;Despesa;Churrasco despedida SEL;Bar / Restaurante / Churrasco;Extra;À Vista;Pix;;OK;50;Pix para Carol Camolez;Julho;2025
1315;29/07/2025;Receita;FGTS;Entrada;;;;;OK;27539,73;-;Agosto;2025
1316;31/07/2025;Receita;Rescição;Entrada;;;;;OK;37585,61;-;Agosto;2025
1317;31/07/2025;Receita;40% Multa FGTS;Entrada;;;;;OK;13548,72;-;Agosto;2025
1318;31/07/2025;Receita;Restiruição Imposto de Renda;Entrada;;;;;OK;182,64;-;Agosto;2025
1319;01/08/2025;Sobra;Sobra Julho 2025;Entrada;;;;;OK;435,8493333;-;Agosto;2025
1320;01/08/2025;Receita;Pix Léo;Entrada;;;;;OK;14;-;Agosto;2025
1321;30/06/2025;Despesa;Compra Diversa Amazon;Gastos Extras / Diversos;Não Essencial;Parcelado;Crédito Nubank;10 de 10;OK;75,91;Parcela 10/10 - Pago dia 31/07/2025;Agosto;2025
1322;24/01/2025;Despesa;Som Carro;Transporte;Não Essencial;Parcelado;Crédito Santander;6 de 10;OK;57,29;Parcela 6/10 - Pago dia 30/07/2025;Agosto;2025
1323;30/06/2025;Despesa;Pacote Premiere;Entretenimento;Essencial;Parcelado;Crédito Nubank;4 de 12;OK;29,9;Parcela 4/12 - Pago dia 31/07/2025;Agosto;2025
1324;30/06/2025;Despesa;Massageador / Suplementos DUX;Gastos Gerais Corrida;Não Essencial;Parcelado;Crédito Nubank;4 de 5;OK;50,422;Parcela 4/5 - Pago dia 31/07/2025;Agosto;2025
1325;30/06/2025;Despesa;Ração Cachorras;Contas Fixas;Essencial;Parcelado;Crédito Nubank;3 de 3;OK;134,74;Parcela 3/3 - Pago dia 31/07/2025;Agosto;2025
1326;30/06/2025;Despesa;Whey e Cretina - Mercado Livre;Gastos Gerais Corrida;Extra;Parcelado;Crédito Nubank;3 de 4;OK;42,88;Parcela 3/4 - Pago dia 31/07/2025;Agosto;2025
1327;02/07/2025;Despesa;Mensalidade Jul. Cardiofísico;Saúde;Essencial;À Vista;Crédito Nubank;;OK;117;Pago dia 31/07/2025;Agosto;2025
1328;04/07/2025;Despesa;Amazon Prime;Entretenimento;Essencial;À Vista;Crédito Nubank;;OK;19,9;Pago dia 31/07/2025;Agosto;2025
1329;11/07/2025;Despesa;HBO Max;Entretenimento;Essencial;À Vista;Crédito Nubank;;OK;33,91;Pago dia 31/07/2025;Agosto;2025
1330;16/07/2025;Despesa;Uber pós Quitute;Transporte;Essencial;À Vista;Crédito Nubank;;OK;10,93;Pago dia 31/07/2025;Agosto;2025
1331;17/07/2025;Despesa;Equipto. corrida/natação - Decatlhon;Gastos Gerais Corrida;Extra;Parcelado;Crédito Nubank;1 de 6;OK;64,99;Parcela 1/6 - Pago dia 31/07/2025;Agosto;2025
1332;18/07/2025;Despesa;Parcela Pós-Graduação;Contas Fixas;Essencial;Parcelado;Crédito Nubank;2 de 18;OK;327,72;Parcela 2/18 - Pago dia 31/07/2025;Agosto;2025
1333;21/07/2025;Despesa;Google Storage;Entretenimento;Extra;À Vista;Crédito Nubank;;OK;9,99;Pago dia 31/07/2025;Agosto;2025
1334;22/07/2025;Despesa;Paramount+;Entretenimento;Extra;À Vista;Crédito Nubank;;OK;27,9;Pago dia 31/07/2025;Agosto;2025
1335;24/07/2025;Despesa;Spotify;Entretenimento;Essencial;À Vista;Crédito Nubank;;OK;27,9;Pago dia 31/07/2025;Agosto;2025
1336;27/07/2025;Despesa;Apple Storage;Entretenimento;Extra;À Vista;Crédito Nubank;;OK;5,9;Pago dia 31/07/2025;Agosto;2025
1337;30/07/2025;Despesa;Gastos CC BTG;Gastos Extras / Diversos;Extra;À Vista;Crédito BTG;;OK;259;Pago dia 31/07/2025;Agosto;2025
1338;28/07/2025;Despesa;Monitor + Cabo HDMI;Gastos Extras / Diversos;Não Essencial;Parcelado;Crédito BTG;1 de 5;OK;49,55;Parcela 1/5 - Pago dia 31/07/2025;Agosto;2025
1339;01/08/2025;Despesa;Fies;Contas Fixas;Essencial;À Vista;Boleto;;OK;208,19;-;Agosto;2025
1340;01/08/2025;Despesa;Mensalidade Corregiz;Gastos Gerais Corrida;Essencial;À Vista;Pix;;OK;90;Pix para Victor Giz;Agosto;2025
1341;01/08/2025;Despesa;Reforma Igreja;Contas Fixas;Essencial;À Vista;Pix;;OK;30;Pix para Edna;Agosto;2025
1342;01/08/2025;Despesa;Dente da Mãe;Saúde;Essencial;Parcelado;Pix;9 de 10;OK;125;Pix para Edna - Parcela 9/10;Agosto;2025
1343;01/08/2025;Despesa;Banho Cachorras;Gastos Extras / Diversos;Não Essencial;À Vista;Pix;;OK;120;Pix para Edna;Agosto;2025
1344;01/08/2025;Despesa;Sem Parar Edna ;Gastos Extras / Diversos;Extra;À Vista;Pix;;OK;100;Pix para Edna;Agosto;2025
1345;01/08/2025;Despesa;Ração Cachorras;Gastos Extras / Diversos;Extra;Parcelado;Pix;1 de 2;OK;157;Pix para Edna - Parcela 1/2;Agosto;2025
1346;01/08/2025;Despesa;Pé de Batata - Jantar Sábado;Gastos Extras / Diversos;Extra;À Vista;Pix;;OK;70;Pix para Edna;Agosto;2025
1347;01/08/2025;Despesa;Shampoo (diferença);Gastos Extras / Diversos;Extra;À Vista;Pix;;OK;15;Pix para Edna;Agosto;2025
1348;01/08/2025;Despesa;Alcóol para Ribeirão;Gastos Extras / Diversos;Extra;À Vista;Pix;;OK;50;Pix para Edna;Agosto;2025
1349;01/08/2025;Despesa;Presente Eloá - Hering;Gastos Extras / Diversos;Extra;Parcelado;Pix;1 de 2;OK;90;Pix para Edna - Parcela 1/2;Agosto;2025
1350;01/08/2025;Despesa;Poupado dinheiro da Rescição + Restit.;Poupado / Investimento;Essencial;À Vista;Transf. BTG;;OK;37554,1;Dinheiro Movimentado Santander/BTG;Agosto;2025
1351;01/08/2025;Despesa;Poupado dinheiro FGTS + Multa (parcial);Poupado / Investimento;Essencial;À Vista;Transf. BTG;;OK;17193,43;Dinheiro Movimentado Nubank/BTG;Agosto;2025
1352;01/08/2025;Despesa;Sapateiro (Sola dos tenis colados);Gastos Extras / Diversos;Extra;À Vista;Pix;;OK;60;Pix para Jean Carlos;Agosto;2025
1353;02/08/2025;Despesa;Água Batismo;Gastos Extras / Diversos;Extra;À Vista;Pix;;OK;2,5;Pix para José Roberto;Agosto;2025
1354;04/08/2025;Despesa;Inscrição Corrida Outubro Rosa;Gastos Gerais Corrida;Extra;À Vista;Boleto;;OK;64;-;Agosto;2025
1355;04/08/2025;Despesa;Bolão Mega Sena SEL;Gastos Extras / Diversos;Extra;À Vista;Pix;;OK;50;Pix para Jeferson Moro;Agosto;2025
1356;04/08/2025;Despesa;Custos do Churrasco da SEL;Bar / Restaurante / Churrasco;Extra;À Vista;Pix;;OK;50;Pix para Leonardo Carneiro;Agosto;2025
1357;04/08/2025;Despesa;Bike Fit;Gastos Gerais Corrida;Extra;À Vista;Pix;;OK;100;Pix para Thiago Bike Fit;Agosto;2025
1358;05/08/2025;Despesa;Doação Abrapec;Gastos Extras / Diversos;Extra;À Vista;Pix;;OK;33;Pix para Abrapec;Agosto;2025
1359;10/08/2025;Despesa;Gravata casamento Duda;Gastos Extras / Diversos;Extra;À Vista;Pix;;OK;200;Pix para Duda;Agosto;2025
1360;11/08/2025;Despesa;Acessoria profissional CV + LinkedIn;Cuidados Pessoais;Essencial;À Vista;Pix;;OK;187;Pix para Ana Paula;Agosto;2025
1361;20/08/2025;Despesa;Vivo Controle;Contas Fixas;Essencial;À Vista;Débito Santander;;OK;158;Considerado Vivo + CC (valor de R$58);Agosto;2025
1362;13/08/2025;Despesa;Conserto Carro;Transporte;Extra;À Vista;Pix;;OK;1600;Pix para Buiu;Agosto;2025
1363;24/01/2025;Despesa;Som Carro;Transporte;Não Essencial;Parcelado;Crédito Santander;7 de 10;;57,38;Parcela 7/10 - Pago dia ?;Setembro;2025
1364;30/07/2025;Despesa;Pacote Premiere;Entretenimento;Essencial;Parcelado;Crédito Nubank;5 de 12;;29,9;Parcela 5/12 - Pago dia ?;Setembro;2025
1365;30/07/2025;Despesa;Massageador / Suplementos DUX;Gastos Gerais Corrida;Não Essencial;Parcelado;Crédito Nubank;5 de 5;;50,422;Parcela 5/5 - Pago dia ?;Setembro;2025
1366;30/07/2025;Despesa;Equipto. corrida/natação - Decatlhon;Gastos Gerais Corrida;Extra;Parcelado;Crédito Nubank;2 de 6;;64,99;Parcela 2/6 - Pago dia ?;Setembro;2025
1367;30/07/2025;Despesa;Monitor + Cabo HDMI;Gastos Extras / Diversos;Não Essencial;Parcelado;Crédito BTG;2 de 5;;49,55;Parcela 2/5 - Pago dia ?;Setembro;2025
1368;30/07/2025;Despesa;Whey e Cretina - Mercado Livre;Gastos Gerais Corrida;Extra;Parcelado;Crédito Nubank;4 de 4;;42,88;Parcela 4/4 - Pago dia ?;Setembro;2025
1369;31/07/2025;Despesa;Alarme Carro - Matoso;Gastos Extras / Diversos;Não Essencial;Parcelado;Crédito Nubank;1 de 2;;47,5;Parcela 1/2 - Pago dia ?;Setembro;2025
1370;31/07/2025;Despesa;Mouse sem Fio - Tecseg;Gastos Extras / Diversos;Não Essencial;Parcelado;Crédito Nubank;1 de 2;;56;Parcela 1/2 - Pago dia ?;Setembro;2025
1371;31/07/2025;Despesa;Cerveja Savegnago - Quarta feira;Gastos Extras / Diversos;Extra;À Vista;Crédito Nubank;;;76,62;Pago dia ?;Setembro;2025
1372;31/07/2025;Despesa;Tenis e Camisetas - Ophicina;Roupas e Calçados;Não Essencial;Parcelado;Crédito Nubank;1 de 8;;136,88;Parcela 1/8 - Pago dia ?;Setembro;2025
1373;31/07/2025;Despesa;Almoço Ribeirão - Outback;Bar / Restaurante / Churrasco;Extra;À Vista;Crédito Nubank;;;136,92;Pago dia ?;Setembro;2025
1374;01/08/2025;Despesa;Bateria Carro;Transporte;Extra;À Vista;Crédito Nubank;;;518;Pago dia ?;Setembro;2025
1375;01/08/2025;Despesa;Padaria Edna ;Gastos Extras / Diversos;Extra;À Vista;Crédito Nubank;;;13,89;Pago dia ?;Setembro;2025
1376;01/08/2025;Despesa;Combustível Jaboticabal;Transporte;Extra;À Vista;Crédito Nubank;;;50;Pago dia ?;Setembro;2025
1377;01/08/2025;Despesa;Chopp The Best;Bar / Restaurante / Churrasco;Extra;À Vista;Crédito Nubank;;;100;Pago dia ?;Setembro;2025
1378;01/08/2025;Despesa;Entrada Senhor Boteco;Bar / Restaurante / Churrasco;Extra;À Vista;Crédito Nubank;;;40;Pago dia ?;Setembro;2025
1379;01/08/2025;Despesa;Cerveja Senhor Boteco;Bar / Restaurante / Churrasco;Extra;À Vista;Crédito Nubank;;;60;Pago dia ?;Setembro;2025
1380;01/08/2025;Despesa;Paulo Lanches pós Balada;Bar / Restaurante / Churrasco;Extra;À Vista;Crédito Nubank;;;32,5;Pago dia ?;Setembro;2025
1381;02/08/2025;Despesa;Mensalidade Ago. Cardiofísico;Saúde;Essencial;À Vista;Crédito Nubank;;;117;Pago dia ?;Setembro;2025
1382;03/08/2025;Despesa;Jantar Sábado - Pizzaria Nº1;Bar / Restaurante / Churrasco;Extra;À Vista;Crédito Nubank;;;80,5;Pago dia ?;Setembro;2025
1383;04/08/2025;Despesa;Corrida Savegnago;Gastos Gerais Corrida;Extra;Parcelado;Crédito BTG;1 de 2;;40;Parcela 1/2 - Pago dia ?;Setembro;2025
1384;04/08/2025;Despesa;Amazon Prime;Entretenimento;Essencial;À Vista;Crédito Nubank;;;19,9;Pago dia ?;Setembro;2025
1385;05/08/2025;Despesa;Combustível Jaboticabal;Transporte;Extra;À Vista;Crédito Nubank;;;50;Pago dia ?;Setembro;2025
1386;05/08/2025;Despesa;Corte de Cabelo;Cuidados Pessoais;Essencial;À Vista;Crédito Nubank;;;20;Pago dia ?;Setembro;2025
1387;08/08/2025;Despesa;Água Pós Corrida;Gastos Gerais Corrida;Extra;À Vista;Crédito BTG;;;2,5;Pago dia ?;Setembro;2025
1388;08/08/2025;Despesa;Impressão folhas estudo Pós;Gastos Extras / Diversos;Extra;À Vista;Crédito Nubank;;;15;Pago dia ?;Setembro;2025
1389;10/08/2025;Despesa;Bebidas para ressaca Pai;Gastos Extras / Diversos;Extra;À Vista;Crédito Nubank;;;28;Pago dia ?;Setembro;2025
1390;10/08/2025;Despesa;Jantar Domingo - Querência da Picanha;Bar / Restaurante / Churrasco;Extra;À Vista;Crédito Nubank;;;32;Pago dia ?;Setembro;2025
1391;11/08/2025;Despesa;HBO Max;Entretenimento;Essencial;À Vista;Crédito Nubank;;;33,91;Pago dia ?;Setembro;2025
1392;11/08/2025;Despesa;Roupas Moletonia;Roupas e Calçados;Não Essencial;Parcelado;Crédito BTG;1 de 3;;78,87;Parcela 1/3 - Pago dia ?;Setembro;2025
1393;12/08/2025;Despesa;Jantar terça feira - Up Sushi;Bar / Restaurante / Churrasco;Extra;À Vista;Crédito Nubank;;;114,97;Pago dia ?;Setembro;2025
1394;13/08/2025;Despesa;Combustível Jaboticabal;Transporte;Extra;À Vista;Crédito Nubank;;;50;Pago dia ?;Setembro;2025
1395;18/08/2025;Despesa;Parcela Pós-Graduação;Contas Fixas;Essencial;Parcelado;Crédito Nubank;3 de 18;;327,76;Parcela 3/18 - Pago dia ?;Setembro;2025
1396;;Despesa;Google Storage com Estorno Google One;Entretenimento;Extra;À Vista;Crédito Nubank;;;7.41;Pago dia ?;Setembro;2025
1397;;Despesa;Spotify;Entretenimento;Essencial;À Vista;Crédito Nubank;;;27,9;Pago dia ?;Setembro;2025
1398;;Despesa;Paramount+;Entretenimento;Extra;À Vista;Crédito Nubank;;;27,9;Pago dia ?;Setembro;2025
1399;;Despesa;Apple Storage;Entretenimento;Extra;À Vista;Crédito Nubank;;;5,9;Pago dia ?;Setembro;2025
1400;;Despesa;Instalação do Ar Condicionado;Reposição Reserva;Essencial;Parcelado;Débito Nubank;8 de 10;;70;8/10 - Reposição dinheiro resgatado;Setembro;2025
1401;;Despesa;Relógio Garmin;Reposição Reserva;Essencial;Parcelado;Débito Nubank;8 de 10;;210;8/10 - Reposição dinheiro resgatado;Setembro;2025
1402;;Despesa;Celular;Reposição Reserva;Essencial;Parcelado;Débito Nubank;8 de 12;;200;8/12 - Reposição dinheiro resgatado;Setembro;2025
1403;;Despesa;Taxa Visto EUA;Reposição Reserva;Essencial;Parcelado;Débito Nubank;7 de 10;;115;7/10 - Reposição dinheiro resgatado;Setembro;2025
1404;;Despesa;Passagem Aérea Florianópolis;Reposição Reserva;Essencial;Parcelado;Débito Nubank;5 de 10;;74;5/10 - Reposição dinheiro resgatado;Setembro;2025
1405;;Despesa;Tenis New Balance - EUA;Reposição Reserva;Essencial;Parcelado;Débito Nubank;5 de 10;;152;5/10 - Reposição dinheiro resgatado;Setembro;2025
1406;24/01/2025;Despesa;Som Carro;Transporte;Não Essencial;Parcelado;Crédito Santander;8 de 10;;57,38;Parcela 8/10 - Pago dia ?;Outubro;2025
1407;24/01/2025;Despesa;Som Carro;Transporte;Não Essencial;Parcelado;Crédito Santander;9 de 10;;57,38;Parcela 9/10 - Pago dia ?;Novembro;2025
1408;24/01/2025;Despesa;Som Carro;Transporte;Não Essencial;Parcelado;Crédito Santander;10 de 10;;57,38;Parcela 10/10 - Pago dia ?;Dezembro;2025
1409;;Despesa;Pacote Premiere;Entretenimento;Essencial;Parcelado;Crédito Nubank;6 de 12;;29,9;Parcela 6/12 - Pago dia ?;Outubro;2025
1410;;Despesa;Pacote Premiere;Entretenimento;Essencial;Parcelado;Crédito Nubank;7 de 12;;29,9;Parcela 7/12 - Pago dia ?;Novembro;2025
1411;;Despesa;Pacote Premiere;Entretenimento;Essencial;Parcelado;Crédito Nubank;8 de 12;;29,9;Parcela 8/12 - Pago dia ?;Dezembro;2025
1412;;Despesa;Pacote Premiere;Entretenimento;Essencial;Parcelado;Crédito Nubank;9 de 12;;29,9;Parcela 9/12 - Pago dia ?;Janeiro;2025
1413;;Despesa;Pacote Premiere;Entretenimento;Essencial;Parcelado;Crédito Nubank;10 de 12;;29,9;Parcela 10/12 - Pago dia ?;Fevereiro;2026
1414;;Despesa;Pacote Premiere;Entretenimento;Essencial;Parcelado;Crédito Nubank;11 de 12;;29,9;Parcela 11/12 - Pago dia ?;Março;2026
1415;;Despesa;Pacote Premiere;Entretenimento;Essencial;Parcelado;Crédito Nubank;12 de 12;;29,9;Parcela 12/12 - Pago dia ?;Abril;2026
1416;;Despesa;Equipto. corrida/natação - Decatlhon;Gastos Gerais Corrida;Extra;Parcelado;Crédito Nubank;3 de 6;;64,99;Parcela 3/6 - Pago dia ?;Outubro;2025
1417;;Despesa;Equipto. corrida/natação - Decatlhon;Gastos Gerais Corrida;Extra;Parcelado;Crédito Nubank;4 de 6;;64,99;Parcela 4/6 - Pago dia ?;Novembro;2025
1418;;Despesa;Equipto. corrida/natação - Decatlhon;Gastos Gerais Corrida;Extra;Parcelado;Crédito Nubank;5 de 6;;64,99;Parcela 5/6 - Pago dia ?;Dezembro;2025
1419;;Despesa;Equipto. corrida/natação - Decatlhon;Gastos Gerais Corrida;Extra;Parcelado;Crédito Nubank;6 de 6;;64,99;Parcela 6/6 - Pago dia ?;Janeiro;2026
1420;;Despesa;Monitor + Cabo HDMI;Gastos Extras / Diversos;Não Essencial;Parcelado;Crédito BTG;3 de 5;;49,55;Parcela 3/5 - Pago dia ?;Outubro;2025
1421;;Despesa;Monitor + Cabo HDMI;Gastos Extras / Diversos;Não Essencial;Parcelado;Crédito BTG;4 de 5;;49,55;Parcela 4/5 - Pago dia ?;Novembro;2025
1422;;Despesa;Monitor + Cabo HDMI;Gastos Extras / Diversos;Não Essencial;Parcelado;Crédito BTG;5 de 5;;49,55;Parcela 5/5 - Pago dia ?;Dezembro;2025
1423;;Despesa;Alarme Carro - Matoso;Gastos Extras / Diversos;Não Essencial;Parcelado;Crédito Nubank;2 de 2;;47,5;Parcela 2/2 - Pago dia ?;Outubro;2025
1424;;Despesa;Mouse sem Fio - Tecseg;Gastos Extras / Diversos;Não Essencial;Parcelado;Crédito Nubank;2 de 2;;56;Parcela 2/2 - Pago dia ?;Outubro;2025
1425;;Despesa;Tenis e Camisetas - Ophicina;Roupas e Calçados;Não Essencial;Parcelado;Crédito Nubank;2 de 8;;136,88;Parcela 2/8 - Pago dia ?;Outubro;2025
1426;;Despesa;Tenis e Camisetas - Ophicina;Roupas e Calçados;Não Essencial;Parcelado;Crédito Nubank;3 de 8;;137,88;Parcela 3/8 - Pago dia ?;Novembro;2025
1427;;Despesa;Tenis e Camisetas - Ophicina;Roupas e Calçados;Não Essencial;Parcelado;Crédito Nubank;4 de 8;;138,88;Parcela 4/8 - Pago dia ?;Dezembro;2025
1428;;Despesa;Tenis e Camisetas - Ophicina;Roupas e Calçados;Não Essencial;Parcelado;Crédito Nubank;5 de 8;;139,88;Parcela 5/8 - Pago dia ?;Janeiro;2026
1429;;Despesa;Tenis e Camisetas - Ophicina;Roupas e Calçados;Não Essencial;Parcelado;Crédito Nubank;6 de 8;;140,88;Parcela 6/8 - Pago dia ?;Fevereiro;2026
1430;;Despesa;Tenis e Camisetas - Ophicina;Roupas e Calçados;Não Essencial;Parcelado;Crédito Nubank;7 de 8;;141,88;Parcela 7/8 - Pago dia ?;Março;2026
1431;;Despesa;Tenis e Camisetas - Ophicina;Roupas e Calçados;Não Essencial;Parcelado;Crédito Nubank;8 de 8;;142,88;Parcela 8/8 - Pago dia ?;Abril;2026
1432;;Despesa;Corrida Savegnago;Gastos Gerais Corrida;Extra;Parcelado;Crédito BTG;2 de 2;;40;Parcela 2/2 - Pago dia ?;Outubro;2025
1433;;Despesa;Roupas Moletonia;Roupas e Calçados;Não Essencial;Parcelado;Crédito BTG;2 de 3;;78,87;Parcela 2/3 - Pago dia ?;Outubro;2025
1434;;Despesa;Roupas Moletonia;Roupas e Calçados;Não Essencial;Parcelado;Crédito BTG;3 de 3;;78,87;Parcela 3/3 - Pago dia ?;Novembro;2025
1435;;Despesa;Parcela Pós-Graduação;Contas Fixas;Essencial;Parcelado;Crédito Nubank;4 de 18;;327,76;Parcela 4/18 - Pago dia ?;Outubro;2025
1436;;Despesa;Parcela Pós-Graduação;Contas Fixas;Essencial;Parcelado;Crédito Nubank;5 de 18;;327,76;Parcela 5/18 - Pago dia ?;Novembro;2025
1437;;Despesa;Parcela Pós-Graduação;Contas Fixas;Essencial;Parcelado;Crédito Nubank;6 de 18;;327,76;Parcela 6/18 - Pago dia ?;Dezembro;2025
1438;;Despesa;Parcela Pós-Graduação;Contas Fixas;Essencial;Parcelado;Crédito Nubank;7 de 18;;327,76;Parcela 7/18 - Pago dia ?;Janeiro;2026
1439;;Despesa;Parcela Pós-Graduação;Contas Fixas;Essencial;Parcelado;Crédito Nubank;8 de 18;;327,76;Parcela 8/18 - Pago dia ?;Fevereiro;2026
1440;;Despesa;Parcela Pós-Graduação;Contas Fixas;Essencial;Parcelado;Crédito Nubank;9 de 18;;327,76;Parcela 9/18 - Pago dia ?;Março;2026
1441;;Despesa;Parcela Pós-Graduação;Contas Fixas;Essencial;Parcelado;Crédito Nubank;10 de 18;;327,76;Parcela 10/18 - Pago dia ?;Abril;2026
1442;;Despesa;Parcela Pós-Graduação;Contas Fixas;Essencial;Parcelado;Crédito Nubank;11 de 18;;327,76;Parcela 11/18 - Pago dia ?;Maio;2026
1443;;Despesa;Parcela Pós-Graduação;Contas Fixas;Essencial;Parcelado;Crédito Nubank;12 de 18;;327,76;Parcela 12/18 - Pago dia ?;Junho;2026
1444;;Despesa;Parcela Pós-Graduação;Contas Fixas;Essencial;Parcelado;Crédito Nubank;13 de 18;;327,76;Parcela 13/18 - Pago dia ?;Julho;2026
1445;;Despesa;Parcela Pós-Graduação;Contas Fixas;Essencial;Parcelado;Crédito Nubank;14 de 18;;327,76;Parcela 14/18 - Pago dia ?;Agosto;2026
1446;;Despesa;Parcela Pós-Graduação;Contas Fixas;Essencial;Parcelado;Crédito Nubank;15 de 18;;327,76;Parcela 15/18 - Pago dia ?;Setembro;2026
1447;;Despesa;Parcela Pós-Graduação;Contas Fixas;Essencial;Parcelado;Crédito Nubank;16 de 18;;327,76;Parcela 16/18 - Pago dia ?;Outubro;2026
1448;;Despesa;Parcela Pós-Graduação;Contas Fixas;Essencial;Parcelado;Crédito Nubank;17 de 18;;327,76;Parcela 17/18 - Pago dia ?;Novembro;2026
1449;;Despesa;Parcela Pós-Graduação;Contas Fixas;Essencial;Parcelado;Crédito Nubank;18 de 18;;327,76;Parcela 18/18 - Pago dia ?;Dezembro;2026
1450;;Despesa;Instalação do Ar Condicionado;Reposição Reserva;Essencial;Parcelado;Débito Nubank;9 de 10;;70;9/10 - Reposição dinheiro resgatado;Outubro;2025
1451;;Despesa;Instalação do Ar Condicionado;Reposição Reserva;Essencial;Parcelado;Débito Nubank;10 de 10;;70;10/10 - Reposição dinheiro resgatado;Novembro;2025
1452;;Despesa;Relógio Garmin;Reposição Reserva;Essencial;Parcelado;Débito Nubank;9 de 10;;210;9/10 - Reposição dinheiro resgatado;Outubro;2025
1453;;Despesa;Relógio Garmin;Reposição Reserva;Essencial;Parcelado;Débito Nubank;10 de 10;;210;10/10 - Reposição dinheiro resgatado;Novembro;2025
1454;;Despesa;Celular;Reposição Reserva;Essencial;Parcelado;Débito Nubank;9 de 12;;200;9/12 - Reposição dinheiro resgatado;Outubro;2025
1455;;Despesa;Celular;Reposição Reserva;Essencial;Parcelado;Débito Nubank;10 de 12;;200;10/12 - Reposição dinheiro resgatado;Novembro;2025
1456;;Despesa;Celular;Reposição Reserva;Essencial;Parcelado;Débito Nubank;11 de 12;;200;11/12 - Reposição dinheiro resgatado;Dezembro;2025
1457;;Despesa;Celular;Reposição Reserva;Essencial;Parcelado;Débito Nubank;12 de 12;;200;12/12 - Reposição dinheiro resgatado;Janeiro;2026
1458;;Despesa;Taxa Visto EUA;Reposição Reserva;Essencial;Parcelado;Débito Nubank;8 de 10;;115;8/10 - Reposição dinheiro resgatado;Outubro;2025
1459;;Despesa;Taxa Visto EUA;Reposição Reserva;Essencial;Parcelado;Débito Nubank;9 de 10;;115;9/10 - Reposição dinheiro resgatado;Novembro;2025
1460;;Despesa;Taxa Visto EUA;Reposição Reserva;Essencial;Parcelado;Débito Nubank;10 de 10;;115;10/10 - Reposição dinheiro resgatado;Dezembro;2025
1461;;Despesa;Passagem Aérea Florianópolis;Reposição Reserva;Essencial;Parcelado;Débito Nubank;6 de 10;;74;6/10 - Reposição dinheiro resgatado;Outubro;2025
1462;;Despesa;Passagem Aérea Florianópolis;Reposição Reserva;Essencial;Parcelado;Débito Nubank;7 de 10;;74;7/10 - Reposição dinheiro resgatado;Novembro;2025
1463;;Despesa;Passagem Aérea Florianópolis;Reposição Reserva;Essencial;Parcelado;Débito Nubank;8 de 10;;74;8/10 - Reposição dinheiro resgatado;Dezembro;2025
1464;;Despesa;Passagem Aérea Florianópolis;Reposição Reserva;Essencial;Parcelado;Débito Nubank;9 de 10;;74;9/10 - Reposição dinheiro resgatado;Janeiro;2026
1465;;Despesa;Tenis New Balance - EUA;Reposição Reserva;Essencial;Parcelado;Débito Nubank;6 de 10;;152;6/10 - Reposição dinheiro resgatado;Outubro;2025
1466;;Despesa;Tenis New Balance - EUA;Reposição Reserva;Essencial;Parcelado;Débito Nubank;7 de 10;;152;7/10 - Reposição dinheiro resgatado;Novembro;2025
1467;;Despesa;Tenis New Balance - EUA;Reposição Reserva;Essencial;Parcelado;Débito Nubank;8 de 10;;152;8/10 - Reposição dinheiro resgatado;Dezembro;2025
1468;;Despesa;Tenis New Balance - EUA;Reposição Reserva;Essencial;Parcelado;Débito Nubank;9 de 10;;152;9/10 - Reposição dinheiro resgatado;Janeiro;2026
1469;;Despesa;Tenis New Balance - EUA;Reposição Reserva;Essencial;Parcelado;Débito Nubank;10 de 10;;152;10/10 - Reposição dinheiro resgatado;Fevereiro;2026
1470;;Despesa;Amazon Prime;Entretenimento;Essencial;À Vista;Crédito Nubank;;;19,9;Pago dia ?;Outubro;2025
1471;;Despesa;HBO Max;Entretenimento;Essencial;À Vista;Crédito Nubank;;;33,91;Pago dia ?;Outubro;2025
1472;;Despesa;Google Storage;Entretenimento;Extra;À Vista;Crédito Nubank;;;9,99;Pago dia ?;Outubro;2025
1473;;Despesa;Spotify;Entretenimento;Essencial;À Vista;Crédito Nubank;;;27,9;Pago dia ?;Outubro;2025
1474;;Despesa;Paramount+;Entretenimento;Extra;À Vista;Crédito Nubank;;;27,9;Pago dia ?;Outubro;2025
1475;;Despesa;Apple Storage;Entretenimento;Extra;À Vista;Crédito Nubank;;;5,9;Pago dia ?;Outubro;2025
1476;;Despesa;Amazon Prime;Entretenimento;Essencial;À Vista;Crédito Nubank;;;19,9;Pago dia ?;Novembro;2025
1477;;Despesa;HBO Max;Entretenimento;Essencial;À Vista;Crédito Nubank;;;33,91;Pago dia ?;Novembro;2025
1478;;Despesa;Google Storage;Entretenimento;Extra;À Vista;Crédito Nubank;;;9,99;Pago dia ?;Novembro;2025
1479;;Despesa;Spotify;Entretenimento;Essencial;À Vista;Crédito Nubank;;;27,9;Pago dia ?;Novembro;2025
1480;;Despesa;Paramount+;Entretenimento;Extra;À Vista;Crédito Nubank;;;27,9;Pago dia ?;Novembro;2025
1481;;Despesa;Apple Storage;Entretenimento;Extra;À Vista;Crédito Nubank;;;5,9;Pago dia ?;Novembro;2025
1482;;Despesa;Amazon Prime;Entretenimento;Essencial;À Vista;Crédito Nubank;;;19,9;Pago dia ?;Dezembro;2025
1483;;Despesa;HBO Max;Entretenimento;Essencial;À Vista;Crédito Nubank;;;33,91;Pago dia ?;Dezembro;2025
1484;;Despesa;Google Storage;Entretenimento;Extra;À Vista;Crédito Nubank;;;9,99;Pago dia ?;Dezembro;2025
1485;;Despesa;Spotify;Entretenimento;Essencial;À Vista;Crédito Nubank;;;27,9;Pago dia ?;Dezembro;2025
1486;;Despesa;Paramount+;Entretenimento;Extra;À Vista;Crédito Nubank;;;27,9;Pago dia ?;Dezembro;2025
1487;;Despesa;Apple Storage;Entretenimento;Extra;À Vista;Crédito Nubank;;;5,9;Pago dia ?;Dezembro;2025
1488;;Despesa;Passagem Aérea Florianópolis;Reposição Reserva;Essencial;Parcelado;Débito Nubank;10 de 10;;74;10/10 - Reposição dinheiro resgatado;Fevereiro;2026
1489;15/08/2025;Despesa;Disney+;Entretenimento;Essencial;À Vista;Crédito BTG;;;29,99;Pago dia ?;Setembro;2025
1490;;Despesa;Disney+;Entretenimento;Essencial;À Vista;Crédito BTG;;;29,99;Pago dia ?;Outubro;2025
1491;;Despesa;Disney+;Entretenimento;Essencial;À Vista;Crédito BTG;;;29,99;Pago dia ?;Novembro;2025
1492;;Despesa;Disney+;Entretenimento;Essencial;À Vista;Crédito BTG;;;29,99;Pago dia ?;Dezembro;2025
1493;16/08/2025;Despesa;Café da Manhã pós Corrida;Gastos Gerais Corrida;Extra;À Vista;Pix;;OK;15.0;Pix para Victor Giz;Agosto;2025
1494;16/08/2025;Despesa;Compra Rifa Pingômetro Quermesse;Gastos Extras / Diversos;Extra;À Vista;Pix;;OK;30.0;Pix para Igreja;Agosto;2025
1495;16/08/2025;Despesa;Retorno Nutricionista;Saúde;Essencial;À Vista;Crédito Nubank;;NOK;110.0;-;Setembro;2025
1496;16/08/2025;Despesa;Milkshake pós retirada de Kit;Gastos Extras / Diversos;Extra;À Vista;Crédito Nubank;;NOK;68.0;-;Setembro;2025
1497;16/08/2025;Despesa;Combustível Jaboticabal;Transporte;Extra;À Vista;Crédito Nubank;;NOK;50.0;-;Setembro;2025
1498;16/08/2025;Despesa;Comida e Bebida Quermesse;Bar / Restaurante / Churrasco;Extra;À Vista;Crédito Nubank;;NOK;239.0;-;Setembro;2025
1499;16/08/2025;Despesa;Doces Lima Quermesse;Gastos Extras / Diversos;Extra;À Vista;Crédito Nubank;;NOK;95.0;-;Setembro;2025
1500;16/08/2025;Despesa;Doces Lima Quermesse;Gastos Extras / Diversos;Extra;À Vista;Crédito Nubank;;NOK;15.0;-;Setembro;2025
1501;17/08/2025;Despesa;Chopp pós Corrida;Gastos Extras / Diversos;Extra;À Vista;Crédito Nubank;;NOK;24.0;-;Setembro;2025
1502;17/08/2025;Despesa;Chopp pós Corrida;Gastos Extras / Diversos;Extra;À Vista;Crédito Nubank;;NOK;12.0;-;Setembro;2025
1503;17/08/2025;Despesa;Doces Lima pós Corrida;Gastos Extras / Diversos;Extra;À Vista;Crédito Nubank;;NOK;77.0;-;Setembro;2025
1504;16/08/2025;Despesa;Gatorade pós Corrida;Gastos Gerais Corrida;Essencial;À Vista;Crédito BTG;;NOK;8.99;-;Setembro;2025
